user_id,result
1,"[995242, 940947, 840361, 1006184, 1004906]"
2,"[8090521, 1133018, 5569230, 1106523, 916122]"
3,"[1053690, 951590, 1092026, 910032, 1101173]"
6,"[1082185, 1024306, 5569230, 845208, 1037863]"
7,"[1122358, 1082185, 828867, 1106523, 5568378]"
8,"[5569471, 1005186, 5569230, 1133018, 1110843]"
9,"[962568, 1029743, 1070820, 862799, 1040346]"
10,"[1106523, 883003, 899624, 1005186, 928049]"
13,"[1029743, 923746, 1126899, 951590, 1068719]"
14,"[6533765, 951590, 981760, 916122, 893018]"
15,"[1070820, 845208, 1082185, 923746, 995242]"
16,"[12263788, 923149, 1035843, 1084551, 1100533]"
18,"[1116821, 976199, 951412, 854852, 995242]"
19,"[962229, 1044078, 1029743, 1106523, 844179]"
20,"[1126899, 1058997, 1075368, 944836, 5592931]"
21,"[896369, 1031864, 1096036, 1029743, 1106523]"
22,"[1070820, 1082185, 995965, 883003, 944836]"
23,"[1075368, 981760, 1005274, 1029743, 951590]"
24,"[844165, 1106523, 1096036, 1016800, 1092026]"
25,"[5568378, 1029743, 8090521, 913210, 1106523]"
26,"[923746, 1132771, 1106301, 5591154, 1071342]"
27,"[986912, 861445, 1131438, 1137775, 847982]"
28,"[1005186, 1112238, 940947, 892531, 916122]"
30,"[923746, 859075, 6534480, 1127831, 930118]"
31,"[1040807, 1126899, 1057260, 854852, 1062128]"
32,"[1105488, 901062, 1005186, 1136257, 908318]"
33,"[1106523, 1005186, 1096036, 871756, 8090537]"
34,"[993638, 1000753, 6533765, 1070702, 834117]"
35,"[1126899, 940947, 819978, 1074754, 1115175]"
36,"[962229, 995242, 1029743, 861445, 1110843]"
37,"[844165, 1053690, 1092026, 916381, 1097001]"
39,"[1126899, 923746, 1082185, 909894, 857503]"
40,"[995242, 903325, 840361, 961554, 1037863]"
41,"[909714, 1082185, 1126899, 913210, 12810393]"
42,"[981760, 6602697, 839656, 961554, 946839]"
46,"[1029743, 1006184, 857503, 866211, 1082185]"
47,"[1005186, 8090537, 995242, 999858, 6534077]"
49,"[5569471, 1070820, 962229, 1082185, 1004906]"
50,"[1005186, 1091365, 849202, 909894, 847982]"
51,"[962229, 965766, 1082212, 1029743, 902172]"
52,"[1053690, 5569230, 857503, 1106523, 1082185]"
53,"[5569471, 6034857, 1058997, 999858, 897125]"
55,"[844165, 883932, 995242, 871756, 990797]"
56,"[1058997, 5569230, 940947, 981760, 832678]"
57,"[986912, 8090537, 908531, 1027168, 965766]"
58,"[1058997, 1106523, 1127831, 1070820, 901062]"
59,"[1056509, 845208, 957951, 1081177, 866211]"
63,"[1062572, 834117, 856772, 925862, 1125123]"
64,"[1081177, 1133018, 1013928, 874972, 951590]"
65,"[1070820, 962229, 986912, 965766, 906262]"
67,"[971922, 951590, 878996, 933835, 833025]"
68,"[995242, 1029743, 1004906, 951590, 1068719]"
69,"[951590, 1044078, 5592931, 1106523, 1043590]"
71,"[1056509, 1044078, 899624, 897954, 1091365]"
77,"[1126899, 1106523, 1082185, 857503, 981760]"
78,"[1082185, 835098, 896369, 923746, 1003188]"
79,"[1070820, 1053690, 1005186, 883932, 923746]"
80,"[878996, 1082185, 1005186, 1039156, 1055504]"
81,"[844165, 1044078, 1096036, 1068719, 1029743]"
82,"[849202, 1119761, 880150, 1000753, 5569230]"
83,"[5592931, 1059902, 923746, 1069621, 897125]"
84,"[5569374, 1029624, 951590, 1074754, 995242]"
85,"[986912, 995242, 961554, 854852, 1005186]"
86,"[854852, 951590, 1048462, 1082185, 1005186]"
87,"[1048257, 1079528, 8293385, 845208, 962568]"
88,"[8090521, 893018, 1075368, 962229, 1081177]"
90,"[1070820, 986912, 1068719, 1135552, 862535]"
91,"[1029743, 1058997, 845208, 1088147, 859075]"
92,"[845208, 962568, 1058997, 871061, 923746]"
94,"[1005186, 1110843, 939636, 992529, 1037863]"
95,"[1029743, 995242, 908531, 981760, 976199]"
97,"[995242, 1075368, 1096036, 987562, 962229]"
98,"[862349, 1043590, 928049, 969866, 854852]"
99,"[1082185, 995242, 854852, 908531, 1029743]"
100,"[849202, 1012587, 897125, 908531, 916122]"
101,"[1106523, 6533765, 909894, 5569845, 1004906]"
104,"[1082185, 933835, 1024306, 5569471, 5569230]"
105,"[1005186, 1133018, 1004906, 961554, 1043751]"
106,"[1127179, 5569230, 1005274, 8090521, 6034857]"
107,"[951590, 8090521, 1053690, 1133018, 870547]"
109,"[1058997, 880150, 961554, 835098, 840361]"
110,"[1133018, 951590, 859075, 1044078, 5592931]"
111,"[847982, 1106523, 1133018, 1077555, 833025]"
112,"[1011300, 1039156, 933835, 852856, 1070820]"
113,"[1070820, 1081177, 976199, 903325, 1026118]"
114,"[1029743, 885697, 5568489, 948670, 995242]"
115,"[983584, 1101010, 933835, 862349, 1106523]"
116,"[976199, 5569471, 1037863, 5569230, 1106301]"
117,"[862349, 901062, 854852, 951590, 878996]"
118,"[1058997, 893018, 1127831, 1096036, 1116821]"
119,"[908531, 986912, 995242, 981760, 1029743]"
121,"[1039156, 923746, 1029743, 1044078, 5568378]"
122,"[5569230, 940947, 1102959, 1039156, 863447]"
123,"[1126899, 1056509, 1005186, 844179, 981760]"
124,"[1037840, 1106523, 833025, 859075, 951590]"
125,"[1029743, 8090537, 844165, 834117, 8090532]"
126,"[1096036, 1101173, 951590, 1044078, 1122358]"
127,"[854852, 1044078, 1005186, 1106523, 1075368]"
128,"[1051516, 1098248, 1082185, 1043590, 1003188]"
131,"[995242, 8090537, 923746, 893018, 1096036]"
132,"[854852, 1058997, 986912, 1110572, 1096036]"
133,"[1127831, 995242, 5569230, 1132771, 866211]"
134,"[5569230, 8090537, 5569845, 913210, 823704]"
135,"[862349, 828867, 933835, 926422, 1046584]"
136,"[8090521, 8090537, 5569230, 1029624, 1096036]"
138,"[1070820, 1122358, 1082185, 1127831, 819978]"
139,"[1058997, 1082185, 6034857, 866211, 1081177]"
140,"[8090521, 8090537, 844165, 1037840, 879755]"
141,"[866871, 854852, 997309, 951412, 6533765]"
142,"[1082212, 873627, 990797, 944466, 5569327]"
143,"[5569230, 1106523, 962229, 1133018, 1053690]"
146,"[1005186, 878996, 986912, 834117, 1069621]"
151,"[916122, 976199, 1126899, 897954, 1039156]"
153,"[859075, 916122, 1039156, 939636, 934639]"
156,"[1006184, 908531, 861445, 995242, 1039156]"
157,"[962229, 1058997, 838186, 834117, 913210]"
158,"[862349, 7025106, 999858, 1128240, 939636]"
159,"[1096036, 923746, 1004906, 847982, 1043590]"
160,"[1005186, 1070820, 1110843, 986912, 962568]"
161,"[5568378, 1102959, 1051323, 868764, 995242]"
162,"[1122358, 1029743, 1070820, 6034857, 859075]"
164,"[1029743, 5592931, 983584, 1081177, 833025]"
166,"[1106523, 951590, 1075368, 1029743, 1053690]"
167,"[908318, 833724, 1072693, 1009046, 866871]"
168,"[885290, 848071, 857503, 1081177, 1007136]"
169,"[873627, 1016800, 1075368, 944139, 1099164]"
171,"[987724, 1044078, 5592931, 913210, 859010]"
172,"[6533765, 1053690, 823704, 5569230, 969568]"
174,"[1050851, 1133018, 1043590, 1096036, 835098]"
178,"[873627, 1085604, 1040807, 1048462, 1092026]"
183,"[1106523, 1028816, 1053690, 961979, 993638]"
184,"[824005, 896085, 845208, 1075368, 987562]"
185,"[8090537, 1029743, 923746, 844179, 1096036]"
187,"[983584, 910032, 951590, 1037863, 929726]"
188,"[1106523, 1101173, 832678, 1005186, 923746]"
190,"[1110843, 951412, 951590, 903325, 1012587]"
192,"[5569230, 1029743, 1082212, 1056509, 981760]"
193,"[8090537, 983584, 1029743, 990797, 944139]"
194,"[951412, 854852, 903325, 878996, 961554]"
195,"[1082185, 1022254, 893018, 1029743, 1096036]"
196,"[1106523, 962229, 1101173, 859075, 1044078]"
197,"[1126899, 951590, 1082185, 838186, 1101173]"
198,"[1005186, 899624, 1106523, 844179, 1044078]"
199,"[1005186, 1110843, 1082212, 863447, 859237]"
200,"[1138189, 5568378, 823990, 963971, 863802]"
201,"[5569327, 6034857, 1108168, 5568378, 838186]"
202,"[962229, 8090537, 8090521, 1029743, 1068719]"
203,"[5569471, 1005186, 1029743, 833025, 1012587]"
204,"[6034857, 1040807, 995965, 872137, 1070820]"
205,"[1106523, 1026118, 1082185, 910032, 845208]"
208,"[1070820, 885290, 1037863, 951590, 865456]"
209,"[923746, 6533765, 5592931, 899624, 910032]"
210,"[1081177, 1051323, 969866, 999779, 939636]"
211,"[1133018, 962229, 832678, 1081177, 945662]"
212,"[1062002, 866211, 1081189, 1004906, 1096317]"
213,"[5569327, 854405, 5568378, 1044078, 867931]"
214,"[901062, 1005186, 944836, 999104, 862349]"
215,"[1024306, 1005186, 916993, 985999, 1082185]"
216,"[6533936, 1039156, 986912, 1040807, 1011926]"
217,"[986912, 5569471, 951590, 832678, 1040807]"
218,"[1026118, 995242, 986912, 962568, 1116821]"
219,"[862349, 1127831, 981760, 1082185, 1024306]"
220,"[1006184, 847982, 995242, 6034857, 878996]"
221,"[1133018, 1043751, 1137775, 1018740, 819978]"
222,"[1058997, 1082185, 866211, 5585510, 847982]"
224,"[5569230, 5592931, 1106523, 913278, 995242]"
225,"[1029743, 857503, 1100972, 987122, 928049]"
227,"[908531, 845193, 1075470, 890695, 898601]"
228,"[5569471, 1126899, 1082185, 1039156, 961554]"
230,"[1029743, 8090537, 8090532, 913210, 961554]"
232,"[995242, 6533765, 923746, 859075, 1029743]"
233,"[1122568, 1098844, 5591154, 1110764, 12384365]"
235,"[1070820, 983584, 1127831, 908531, 1082185]"
236,"[1126899, 1014948, 1039156, 906838, 987562]"
239,"[1133018, 854852, 1096036, 1044078, 1081177]"
240,"[1106523, 914190, 926905, 909268, 1022428]"
242,"[1029743, 854852, 1081177, 903325, 1039156]"
243,"[1126899, 6034857, 901062, 1117514, 909714]"
244,"[1133018, 909894, 834117, 913210, 1127831]"
246,"[1070820, 862349, 873627, 909894, 951412]"
247,"[1005186, 986912, 8090537, 1077555, 1082185]"
249,"[1053690, 1029743, 965766, 1044078, 1110572]"
250,"[951590, 1056509, 844165, 1029743, 8090537]"
251,"[1070820, 1040807, 874972, 5569327, 907631]"
253,"[951590, 1106523, 923746, 1044078, 5568378]"
254,"[1106523, 859237, 1122568, 1082185, 1022254]"
256,"[862349, 5568378, 873627, 5569327, 1002558]"
257,"[1106523, 859075, 5592931, 5568378, 1038663]"
258,"[995242, 1110572, 5592931, 862349, 1070820]"
259,"[8090537, 940947, 1062128, 881154, 1081189]"
260,"[1028816, 1081177, 962229, 981760, 921836]"
262,"[1058997, 1101010, 981760, 1040807, 971922]"
263,"[1029743, 1044078, 951590, 1005186, 1081177]"
264,"[926905, 962568, 1132771, 865174, 921744]"
265,"[1005186, 923746, 987562, 8090536, 1040371]"
266,"[1126899, 5569471, 1082185, 999104, 981760]"
267,"[844165, 935393, 1134522, 901976, 6533765]"
268,"[1110572, 1101173, 8090521, 840361, 902172]"
269,"[962229, 5569845, 1131438, 1130858, 981760]"
270,"[1053690, 8090521, 8090537, 986912, 5569230]"
271,"[986912, 8090532, 1137775, 1018740, 1058997]"
273,"[1053690, 1096036, 1005186, 1106523, 6534480]"
274,"[993638, 883932, 873627, 8090440, 859075]"
275,"[1106523, 6533765, 1050851, 1133018, 1037863]"
276,"[995242, 847982, 944534, 951590, 993638]"
278,"[824005, 921744, 1046262, 951412, 897125]"
280,"[1106523, 1044078, 844179, 1096036, 962229]"
281,"[1070820, 854852, 999104, 878996, 1018050]"
282,"[916122, 970030, 824005, 5569374, 957736]"
283,"[5569471, 1070820, 862349, 940947, 990797]"
284,"[856772, 819978, 5592931, 1082212, 1101173]"
285,"[923746, 995242, 1081177, 1043590, 944534]"
286,"[866211, 1081177, 1104414, 997309, 1051211]"
287,"[1106523, 981760, 5568729, 1096036, 1133018]"
288,"[1070820, 1026118, 845208, 1082185, 1024306]"
289,"[981760, 961554, 909714, 998444, 1137688]"
290,"[962229, 995242, 923746, 909894, 1108168]"
291,"[1005186, 5568378, 1043590, 844165, 1106523]"
292,"[8090521, 1106523, 986912, 5569327, 913210]"
294,"[1106523, 983584, 873627, 834117, 1050851]"
297,"[1075368, 908531, 844165, 874972, 859075]"
301,"[1082185, 1127831, 874972, 6034857, 995242]"
302,"[1027168, 5569327, 1102959, 892531, 941741]"
303,"[951590, 854852, 995242, 5569230, 1082185]"
304,"[1029743, 873627, 923746, 5592931, 1044078]"
305,"[885290, 1102959, 8090532, 1101173, 1110244]"
306,"[1056509, 962229, 1037863, 923746, 961554]"
307,"[819765, 993638, 845208, 1096036, 1039156]"
308,"[1110572, 5569230, 970030, 963835, 887102]"
311,"[1106523, 1005186, 1091365, 878996, 1110843]"
312,"[1024306, 951412, 1077555, 1051516, 866211]"
314,"[893018, 1058997, 995965, 1106523, 981760]"
316,"[5592931, 1044078, 1081177, 909894, 995242]"
317,"[951590, 1029743, 983584, 854852, 910032]"
318,"[5569230, 962229, 1106523, 914190, 1133018]"
321,"[1126899, 1056509, 878996, 986912, 944836]"
322,"[862349, 923746, 1040807, 1070820, 12263788]"
323,"[907631, 944139, 1126899, 937292, 972143]"
324,"[1070820, 901062, 903325, 1082185, 1057260]"
325,"[5569471, 995242, 5569230, 1081177, 976199]"
326,"[8090521, 1137346, 1037840, 8090537, 1013928]"
327,"[907631, 844179, 1068292, 947201, 1096036]"
328,"[1070820, 878996, 885290, 933835, 901062]"
329,"[1005186, 854852, 901062, 1127831, 944836]"
330,"[995242, 1005186, 860975, 986912, 13841744]"
331,"[1070820, 1029743, 1051211, 981760, 896085]"
332,"[1070820, 1005186, 1029743, 965267, 866211]"
333,"[986912, 1005186, 944534, 1044078, 897954]"
334,"[1082185, 847982, 1133018, 854852, 995242]"
338,"[1026118, 1028816, 1004906, 1037863, 1082185]"
339,"[1106523, 1096036, 896085, 1044078, 1056509]"
342,"[1005186, 832678, 1081177, 899624, 823704]"
343,"[923746, 995242, 903325, 951412, 995965]"
345,"[6602697, 1002558, 1068719, 940947, 1003188]"
346,"[1037863, 1101010, 981760, 1029743, 835098]"
347,"[1110409, 1037863, 5569471, 883932, 1133018]"
348,"[1096036, 6533765, 1056509, 1043590, 899624]"
349,"[1126899, 1043751, 5569471, 840361, 1106523]"
350,"[1085604, 1091365, 1106523, 834103, 962568]"
351,"[951590, 1133018, 1106523, 1082185, 1044078]"
353,"[1022254, 866211, 979707, 909714, 944139]"
354,"[916122, 951590, 1133018, 859075, 1101010]"
356,"[995242, 947798, 1075368, 834117, 986912]"
357,"[1126899, 1122358, 916122, 880150, 840361]"
358,"[1106523, 5569230, 1110572, 981760, 854852]"
360,"[5568378, 1102949, 830887, 5569327, 839419]"
361,"[1044078, 1056509, 1133018, 1101010, 1096036]"
362,"[923746, 1127831, 986912, 981760, 993638]"
364,"[1106523, 844179, 1004906, 850102, 1096036]"
365,"[986912, 1132771, 1022254, 1082185, 965267]"
366,"[1092026, 1044078, 847982, 844179, 1128240]"
367,"[1070820, 1082185, 961554, 1024306, 5569471]"
369,"[878996, 871756, 1044078, 6533765, 1000753]"
371,"[1096036, 961554, 1029743, 866211, 840361]"
373,"[1102959, 986912, 1050851, 896862, 937791]"
374,"[1029743, 901062, 1081177, 923746, 993638]"
375,"[8090532, 965766, 1041796, 8090537, 1082212]"
376,"[986912, 1133018, 1044078, 993638, 965766]"
377,"[1126899, 1082185, 1029743, 1082212, 840361]"
378,"[1005186, 962568, 986912, 860975, 833025]"
380,"[951590, 1106523, 854852, 965766, 5569230]"
381,"[1075368, 859075, 1081177, 893018, 1029743]"
382,"[985893, 999250, 1108131, 5569374, 5569471]"
383,"[1126899, 916122, 979707, 951412, 961554]"
384,"[1126899, 1055504, 1075368, 5569471, 1112238]"
385,"[1057260, 1087102, 1122358, 6034857, 951412]"
386,"[1133018, 1044078, 987562, 859075, 1106523]"
387,"[1126899, 916122, 923746, 933835, 8090536]"
388,"[893018, 5569327, 1031864, 1029743, 859075]"
389,"[1126899, 1082185, 1127831, 901062, 1024306]"
390,"[951590, 5569230, 844165, 993638, 1053690]"
392,"[1133018, 903325, 951412, 916122, 940947]"
393,"[1029743, 995242, 859075, 1118533, 1013928]"
394,"[986912, 1026118, 1133018, 1029743, 901062]"
395,"[1053690, 962229, 5569230, 1048462, 1081177]"
396,"[1075368, 834103, 1058997, 1026118, 1087102]"
397,"[1126899, 1058997, 916122, 933835, 840361]"
398,"[1053690, 1092026, 8090521, 1029743, 893018]"
400,"[1029743, 1082185, 1056509, 1037863, 923746]"
401,"[965766, 986912, 993638, 1081189, 1005186]"
402,"[824005, 819978, 1110843, 1007136, 13842214]"
404,"[951412, 1081177, 1006184, 831628, 6034857]"
405,"[1039156, 962229, 1101010, 948670, 916122]"
406,"[951412, 1020682, 1127831, 871611, 1082185]"
407,"[8090521, 983584, 1097001, 1122358, 965267]"
409,"[1070820, 1082185, 854852, 916122, 979707]"
410,"[1044078, 871611, 909894, 995242, 962568]"
412,"[1005186, 986912, 1133018, 995242, 860975]"
413,"[986912, 1106523, 1082185, 5569230, 854852]"
414,"[1029743, 1082212, 940947, 1051211, 8090521]"
415,"[864893, 970119, 1090884, 1062572, 872762]"
417,"[1127831, 1082185, 1029743, 1055504, 995242]"
418,"[1058997, 1029743, 940947, 971922, 1003188]"
420,"[897954, 1059902, 865705, 995965, 870547]"
421,"[893018, 1126899, 981760, 1110572, 923746]"
425,"[923746, 1070820, 5568378, 1106523, 5569327]"
426,"[1005186, 908531, 862349, 961554, 1024306]"
427,"[1082185, 1029743, 5569471, 993638, 981760]"
429,"[1056509, 948670, 896085, 995242, 835243]"
430,"[5569230, 962229, 908531, 1096036, 1029743]"
432,"[995242, 1004906, 1044078, 1024306, 859075]"
433,"[1106523, 1082185, 951590, 923746, 1033142]"
434,"[1048462, 934639, 1081189, 5568378, 1044078]"
435,"[5569471, 5569230, 5569845, 8090537, 8090532]"
437,"[962229, 893018, 1101010, 1053690, 993638]"
438,"[1070820, 951590, 6034857, 1133018, 854852]"
441,"[933835, 961554, 1082185, 12810393, 1038985]"
442,"[1110843, 1085604, 1091365, 1005186, 879755]"
443,"[1057260, 862349, 5569230, 899624, 981760]"
447,"[1057260, 1096036, 926905, 1029743, 5569327]"
449,"[1048462, 1053690, 965766, 995876, 982790]"
450,"[1005186, 878996, 1096036, 1105488, 13842214]"
451,"[1026118, 962229, 1044078, 1082185, 1070820]"
454,"[5569230, 1029743, 1026118, 981760, 1068719]"
457,"[5592931, 1029743, 1005186, 1051323, 6533765]"
458,"[1058997, 1023958, 916993, 1126899, 878996]"
459,"[986912, 885290, 1077555, 972312, 844165]"
460,"[993466, 1058997, 961554, 7025106, 840361]"
461,"[916122, 1050851, 918368, 1004906, 981760]"
462,"[1024306, 854852, 995242, 908531, 862349]"
463,"[1106523, 1133018, 1051516, 5569471, 1055504]"
464,"[993638, 5569374, 923746, 995242, 1056509]"
466,"[918368, 1068719, 1025611, 1051211, 1043590]"
467,"[1106523, 1024306, 1037863, 1039156, 848071]"
468,"[1106523, 1044078, 923746, 965766, 1096036]"
469,"[1070820, 1127831, 1082185, 5569230, 901062]"
470,"[995242, 840601, 937791, 1005186, 962229]"
471,"[1026118, 999104, 1127831, 8090537, 1022254]"
474,"[1053690, 995242, 831628, 981760, 870547]"
477,"[1126899, 986912, 1068719, 981521, 1029743]"
478,"[8203851, 1091365, 1048462, 1101980, 934369]"
479,"[1037840, 1085604, 962229, 893018, 1106523]"
480,"[5569471, 1070820, 970030, 840361, 857503]"
482,"[951590, 845208, 5585510, 844165, 1044078]"
483,"[1106523, 1118533, 5592931, 1043590, 1122358]"
484,"[1110843, 1005186, 1050851, 1117514, 862349]"
485,"[951590, 1029743, 899624, 1044078, 923746]"
487,"[952317, 904236, 983078, 862682, 912112]"
489,"[986912, 1022254, 981760, 903325, 1039156]"
491,"[1126899, 1055504, 903325, 1056509, 6533936]"
493,"[873627, 1068719, 995242, 916122, 1029743]"
495,"[8090521, 1056509, 1029743, 923746, 8090537]"
497,"[1070820, 976199, 8273833, 1058997, 8276172]"
502,"[893018, 5568378, 923746, 1044078, 1096036]"
503,"[1070820, 6034857, 961554, 854852, 1005186]"
505,"[874972, 898068, 844179, 982493, 908064]"
506,"[1081189, 843346, 1053690, 834117, 1006184]"
507,"[951590, 1014948, 1126899, 1054262, 1036501]"
508,"[1101010, 844165, 879504, 1133018, 1025611]"
510,"[862349, 901062, 1127831, 1070820, 866211]"
511,"[1029743, 1096036, 6533765, 986912, 859075]"
513,"[5569471, 844179, 1018740, 986912, 1132771]"
514,"[1127831, 1110843, 878996, 866211, 909714]"
515,"[8090521, 1106523, 5585510, 1127831, 5569230]"
517,"[1126899, 1081177, 1028816, 872137, 854852]"
518,"[995242, 844165, 1102959, 1075368, 1122358]"
520,"[8090537, 1106523, 5569845, 1048462, 1043751]"
521,"[1024306, 1026118, 8090440, 1051516, 1127831]"
523,"[1005186, 995242, 1110572, 1057260, 1029743]"
524,"[1082185, 1037863, 1133018, 1051516, 923746]"
525,"[1026118, 883003, 1104343, 1110572, 1101010]"
526,"[5569230, 1101173, 1044078, 859075, 8090521]"
527,"[933835, 1101010, 901062, 1051211, 883932]"
531,"[5569230, 1075368, 995242, 1012587, 5568378]"
533,"[899624, 1043590, 1096036, 845208, 999779]"
534,"[6533765, 993466, 1005186, 1039156, 995242]"
538,"[1070820, 1082212, 903325, 909714, 916122]"
539,"[860975, 923746, 909894, 1068719, 1070702]"
540,"[916122, 1082185, 1000237, 962568, 866211]"
542,"[1106523, 844165, 1050851, 916122, 8090537]"
543,"[844165, 995242, 8090521, 1000753, 861445]"
544,"[1085604, 1110572, 1006184, 1127831, 893018]"
545,"[986912, 1005186, 1040807, 6034857, 1119051]"
547,"[5569327, 5568378, 962229, 1012587, 1110843]"
548,"[923746, 1037863, 854852, 995242, 903325]"
550,"[835098, 899624, 854852, 995242, 5585510]"
552,"[1106523, 899624, 1029624, 999779, 1118533]"
553,"[951590, 995242, 854852, 962568, 1040807]"
554,"[1106523, 862349, 8090537, 850102, 1108168]"
557,"[5569471, 1126899, 857503, 879528, 1127831]"
558,"[1106523, 1044078, 893018, 1048462, 883932]"
560,"[1029743, 999104, 893018, 933835, 1053690]"
562,"[832678, 957951, 1110843, 824005, 995242]"
563,"[1005186, 8090521, 961554, 1029743, 1006184]"
564,"[1110843, 1058997, 1039156, 824005, 916381]"
566,"[993638, 986912, 861445, 1085604, 1029743]"
567,"[986912, 1044078, 993638, 844179, 987724]"
568,"[1106523, 1043590, 844165, 5585510, 951590]"
569,"[1029743, 1082185, 866211, 999104, 1062128]"
570,"[874972, 1029743, 1000753, 1070702, 1069621]"
574,"[951590, 908531, 933835, 1029743, 1006184]"
575,"[862349, 1005186, 1106523, 961554, 5569230]"
576,"[1005186, 986912, 1024306, 903325, 862349]"
577,"[1056509, 951590, 1101173, 885697, 1110244]"
578,"[8090521, 987562, 854405, 865705, 862349]"
579,"[1091365, 916122, 965267, 1105488, 908531]"
580,"[1056509, 909894, 1041796, 1122358, 940947]"
582,"[5569230, 1024306, 862349, 903325, 1026118]"
583,"[1053690, 1056509, 1037840, 5569230, 1110572]"
586,"[1029743, 1053690, 1005186, 5569230, 8090521]"
587,"[1133018, 885290, 1069621, 987562, 890695]"
588,"[951590, 1106523, 961554, 1053690, 866211]"
590,"[1053690, 951590, 1106523, 965766, 5592931]"
591,"[1106523, 854852, 1053690, 5569230, 981760]"
594,"[8090537, 1106523, 8090521, 5569327, 987562]"
595,"[1106523, 1014948, 5569845, 1029743, 5568378]"
596,"[8090537, 8090521, 951590, 1081177, 1106523]"
598,"[965766, 981760, 8090532, 824005, 6034857]"
600,"[5569230, 1029743, 951590, 5569845, 916122]"
602,"[944139, 1014948, 1021116, 1029743, 1027168]"
603,"[5592931, 833025, 1043590, 1106523, 923746]"
604,"[862349, 5569374, 883932, 1127831, 914577]"
605,"[1106523, 948670, 1058997, 1003188, 1027569]"
606,"[845208, 1029743, 1024306, 916122, 5569230]"
608,"[1106523, 1039156, 1133018, 1013928, 981760]"
610,"[1006184, 1117514, 1127831, 878996, 985893]"
611,"[861445, 8177622, 1131438, 8090536, 1029743]"
612,"[1029743, 5568378, 873627, 8090537, 1106301]"
613,"[1133018, 896974, 1075470, 5592931, 5569845]"
614,"[840361, 878996, 965766, 1062002, 1029743]"
615,"[971922, 883003, 1117514, 857503, 976199]"
617,"[1126899, 979707, 1070820, 1116821, 987724]"
621,"[1081177, 1132771, 893501, 844179, 981760]"
622,"[986912, 965766, 1106523, 844165, 987724]"
624,"[1106523, 5592931, 844179, 8090521, 1101173]"
630,"[1070820, 962568, 916122, 893018, 1056509]"
631,"[995242, 987562, 981760, 1053690, 1116821]"
632,"[1029743, 916122, 1057260, 874972, 985999]"
633,"[8090537, 1075368, 1006184, 1082185, 1069621]"
636,"[1096036, 5592931, 1106523, 1022254, 5585510]"
637,"[926905, 1037840, 1133018, 1100972, 859075]"
638,"[1029743, 878996, 1082185, 844179, 923746]"
640,"[1106523, 893018, 1108168, 824005, 849202]"
641,"[1126899, 1070820, 1028816, 908531, 999858]"
643,"[944534, 871756, 1056509, 1105488, 854405]"
644,"[5569471, 821083, 995242, 979707, 1024306]"
647,"[951590, 8090537, 1043751, 1029743, 1006184]"
648,"[903325, 1119051, 839419, 1081177, 854852]"
652,"[832678, 995242, 844165, 1051211, 890610]"
653,"[951590, 854852, 1056509, 995242, 5569471]"
654,"[1056509, 883932, 944137, 1005186, 1040807]"
655,"[1112238, 1044078, 6533765, 1005186, 916122]"
658,"[1068719, 995242, 1081177, 1044078, 1005186]"
660,"[1126899, 986912, 971922, 866211, 916122]"
661,"[995242, 1110572, 5569230, 986912, 1044078]"
662,"[983584, 893018, 995242, 8090537, 1070272]"
663,"[1082185, 8090521, 8090537, 1042438, 1075470]"
665,"[986912, 5585510, 935317, 1131344, 993638]"
666,"[1043590, 844179, 914190, 1044078, 873203]"
667,"[995242, 1022254, 1005186, 1039156, 940766]"
668,"[1058997, 1005186, 5569471, 1022254, 995965]"
669,"[1126899, 1082185, 981760, 951412, 1018740]"
670,"[1029743, 933835, 909714, 8090521, 916122]"
671,"[951590, 1056509, 1029743, 8090521, 995242]"
672,"[8090537, 987724, 983584, 961554, 1118533]"
673,"[951590, 1005186, 827683, 1082185, 883932]"
674,"[878996, 1029743, 1081177, 1048462, 1122358]"
675,"[1133018, 1096036, 6533765, 5592931, 981760]"
676,"[1106523, 951590, 1081177, 1044078, 899624]"
680,"[995242, 873627, 844179, 840361, 823704]"
681,"[5568378, 890695, 850102, 856252, 951590]"
684,"[1133018, 1106523, 1050851, 961979, 995242]"
685,"[1050851, 961554, 951590, 1101010, 863447]"
687,"[951590, 8090521, 5569230, 916122, 965766]"
690,"[1037840, 6533765, 844179, 962568, 1022254]"
691,"[5569471, 1006184, 981760, 893018, 1096036]"
692,"[862349, 840361, 1024306, 878996, 824005]"
693,"[962229, 1029743, 1122358, 844179, 883932]"
694,"[1029743, 844165, 1037840, 893501, 5592931]"
695,"[1029743, 1039156, 981760, 1122358, 995965]"
696,"[1126899, 1082185, 923746, 901062, 983584]"
697,"[1070820, 1082185, 1057260, 1028816, 879528]"
698,"[1058997, 1005186, 1096036, 8090537, 1026118]"
699,"[962229, 899624, 951590, 923746, 1043751]"
700,"[1101010, 1056509, 1106523, 5568378, 5569845]"
701,"[835098, 981760, 5569374, 944137, 866211]"
702,"[1029743, 1082185, 5569230, 899624, 865456]"
703,"[5569230, 995242, 1058997, 1043751, 981760]"
705,"[1106523, 995242, 909894, 912112, 1029743]"
706,"[5569471, 834117, 923746, 5569230, 1029743]"
707,"[1029743, 923746, 5569471, 1127831, 1044078]"
708,"[1029743, 845208, 1117514, 981760, 1102949]"
709,"[1075368, 1081177, 961554, 12810393, 844179]"
710,"[1106523, 1044078, 1110572, 8090521, 1068719]"
711,"[1037840, 983584, 1026118, 8090521, 1085604]"
712,"[1070820, 1056509, 1006184, 961554, 981760]"
713,"[962229, 1075368, 5569230, 1039156, 5569471]"
714,"[1126899, 8090537, 1082185, 5568378, 854852]"
715,"[995242, 909894, 1087102, 986912, 1133018]"
716,"[1126899, 916122, 1127831, 985999, 930118]"
717,"[861445, 1102959, 940947, 986912, 1085604]"
718,"[995242, 1029743, 859075, 845208, 1096036]"
719,"[933835, 819978, 1106523, 1040807, 1108168]"
720,"[1055504, 863447, 909714, 895268, 865174]"
721,"[1126899, 1058997, 960732, 1011300, 1107553]"
722,"[1133018, 854852, 1106523, 1058997, 916122]"
723,"[878996, 862349, 1082212, 1105488, 999104]"
725,"[1106523, 1126899, 1096036, 962568, 987562]"
726,"[995965, 995242, 1024731, 1058997, 1081189]"
728,"[1029743, 986912, 861445, 844179, 976199]"
730,"[1126899, 909894, 1058997, 1122358, 960732]"
731,"[962229, 1110843, 847982, 1091365, 893018]"
733,"[5569471, 885697, 1042942, 866211, 995242]"
734,"[1070702, 995242, 1000753, 1119051, 821083]"
735,"[1106523, 981760, 1110572, 1043663, 923746]"
736,"[1082185, 1029743, 962568, 1053690, 845208]"
740,"[1024306, 995242, 6034857, 1051516, 1022254]"
741,"[845208, 916122, 1024306, 840361, 995242]"
742,"[1106523, 5592931, 1096036, 1106301, 923746]"
743,"[1106523, 1122358, 1070820, 1051323, 1059902]"
744,"[862349, 903325, 1024306, 1056509, 840361]"
745,"[854852, 1026118, 1082185, 901062, 6034857]"
747,"[1005186, 1058997, 8090537, 1096036, 8090509]"
748,"[1106523, 962229, 8090521, 1108168, 845208]"
750,"[1133018, 965766, 844165, 866211, 908531]"
752,"[986912, 1005186, 961554, 933835, 835098]"
753,"[1026118, 896085, 981760, 1070820, 1082185]"
754,"[1058997, 1062002, 866211, 1126899, 1036347]"
755,"[1005186, 1091365, 862349, 1058997, 916993]"
757,"[5569471, 909894, 962229, 1102959, 1039156]"
759,"[986912, 1091365, 5568447, 843346, 936914]"
761,"[1106523, 1029743, 1056509, 1082185, 1053690]"
762,"[1005186, 986912, 862349, 1091365, 1011300]"
764,"[1037863, 1029743, 845208, 878996, 995242]"
766,"[901062, 1127831, 862349, 903325, 1026118]"
767,"[840361, 1092026, 1042907, 1071342, 1122568]"
768,"[1029743, 834117, 859075, 913210, 1096036]"
769,"[1106523, 1102959, 859010, 1048462, 1029743]"
770,"[5569230, 859075, 962229, 910032, 1082185]"
771,"[6034857, 840361, 940947, 1026118, 1133018]"
773,"[909714, 835973, 6548453, 847982, 970030]"
776,"[1029743, 1085604, 1101010, 916122, 1068292]"
777,"[1070820, 857503, 839419, 923746, 961554]"
779,"[1102959, 1057260, 976199, 5569230, 821083]"
781,"[854405, 910673, 871061, 872137, 12946027]"
784,"[5569230, 1081177, 908531, 1110572, 854852]"
786,"[5569230, 1133018, 1106523, 986912, 1096036]"
787,"[1039156, 862349, 1082212, 999104, 5569230]"
788,"[6533765, 1043590, 5569230, 5568378, 8090537]"
789,"[981760, 922561, 1096036, 883003, 921504]"
790,"[1043494, 961554, 5569230, 13841744, 923673]"
794,"[1126899, 1042907, 896613, 916993, 8090532]"
795,"[1043751, 1044078, 910032, 1029743, 951590]"
796,"[969866, 993638, 1024306, 901062, 896613]"
798,"[1110843, 1058997, 1007136, 916993, 986912]"
799,"[1126899, 1082185, 1050851, 901062, 990797]"
800,"[995242, 8090537, 995965, 5569230, 5568378]"
801,"[845208, 981760, 1037863, 976199, 951590]"
802,"[1005186, 986912, 908531, 8090537, 1024306]"
803,"[1044078, 969866, 5592931, 1106523, 962568]"
804,"[1053690, 1029743, 5569230, 5592931, 8090521]"
805,"[923746, 899624, 916122, 893018, 870547]"
806,"[1029743, 1024306, 5569471, 1082185, 1082212]"
807,"[6034857, 1024306, 1029743, 838186, 878996]"
808,"[1029743, 1016800, 1110843, 824005, 908318]"
810,"[1028816, 993638, 970030, 961979, 1024306]"
811,"[847982, 1006184, 1029743, 5568378, 995242]"
813,"[883932, 1050851, 874972, 6034857, 834117]"
814,"[854405, 1101173, 6034857, 995965, 5568378]"
816,"[995242, 1075368, 901062, 862349, 1082185]"
817,"[1070820, 923746, 1082185, 981760, 961554]"
818,"[893501, 1029743, 885290, 1058997, 6602697]"
820,"[8090509, 947798, 1106523, 1108168, 8090521]"
822,"[1005186, 940947, 981760, 995242, 8090537]"
823,"[1108168, 883932, 5585510, 947798, 913210]"
824,"[1106523, 923746, 962229, 845208, 1106301]"
825,"[1058997, 854852, 1127831, 987562, 1082185]"
826,"[1037840, 6533765, 12384431, 961620, 845193]"
829,"[995242, 1101010, 1018740, 1132771, 1137775]"
830,"[1133018, 1106523, 862349, 845208, 1082185]"
831,"[951590, 995242, 916122, 5569230, 1005186]"
836,"[916993, 962229, 1042544, 1126899, 999581]"
837,"[854852, 8090532, 901062, 1126899, 993638]"
840,"[1029743, 903325, 1112238, 965766, 981760]"
841,"[1133018, 1106523, 908531, 1044078, 983584]"
842,"[1005186, 986912, 995242, 1096036, 6533765]"
844,"[1127831, 1026118, 862349, 995242, 840361]"
845,"[1058997, 8090537, 885290, 916122, 944836]"
846,"[8090521, 1133018, 1004906, 847982, 5569845]"
847,"[1005274, 995242, 901062, 1081189, 1024306]"
848,"[1101173, 1044078, 873627, 1070820, 1096317]"
850,"[995242, 923746, 1044078, 844165, 823990]"
852,"[1126899, 1082185, 1106523, 1024306, 903325]"
853,"[1058997, 1026118, 821083, 970202, 962568]"
854,"[840361, 5568378, 899624, 1005186, 1027168]"
855,"[1005186, 1029743, 986912, 916993, 1127831]"
856,"[1068719, 995242, 990797, 1022254, 871756]"
857,"[5569230, 8090521, 8090537, 885290, 862349]"
858,"[1070820, 873627, 1092026, 844165, 1053690]"
859,"[5569230, 5569471, 951590, 1075368, 995242]"
861,"[899624, 5585510, 1117514, 1072523, 1037863]"
862,"[987562, 1068719, 1043590, 1038663, 908318]"
863,"[1005186, 1029743, 916122, 1119761, 863447]"
864,"[1029743, 8090521, 1096036, 1101010, 866211]"
865,"[899624, 1106523, 1075368, 962229, 844179]"
866,"[1106523, 1044078, 962229, 8090537, 983584]"
867,"[983584, 1106523, 986912, 1133018, 5569230]"
868,"[5569471, 8090521, 1005186, 834117, 5569230]"
869,"[5592931, 1068719, 845208, 1081177, 820122]"
871,"[866211, 1082185, 923746, 995242, 854852]"
875,"[1126899, 845208, 1082185, 5569471, 951412]"
876,"[1058997, 916993, 840361, 961554, 913785]"
877,"[1126899, 981760, 1058997, 1082185, 878996]"
878,"[951590, 986912, 8090537, 1106523, 947798]"
879,"[903325, 1058997, 896369, 844179, 916122]"
880,"[866211, 1112238, 833025, 1096317, 910673]"
881,"[1029743, 5592931, 981760, 987724, 859010]"
882,"[1029743, 1106523, 8090521, 5569230, 899624]"
883,"[995242, 951412, 857503, 1051516, 903325]"
884,"[986912, 1085604, 923746, 5569327, 861445]"
885,"[951590, 1106523, 923746, 871756, 1096036]"
886,"[1070820, 1039156, 868764, 923746, 981760]"
887,"[1005186, 1110843, 1133018, 1043590, 5585510]"
888,"[961554, 901062, 6034857, 916122, 854852]"
889,"[1070820, 1126899, 1082185, 1127831, 1039156]"
891,"[866211, 8090537, 1133018, 995965, 903325]"
893,"[1106523, 872137, 1100972, 1133018, 925862]"
894,"[845208, 1081177, 854852, 1137688, 930118]"
895,"[866211, 1082185, 1112238, 999104, 1081189]"
897,"[1039156, 5569374, 1070820, 1102959, 1126899]"
898,"[1028816, 1026118, 824005, 845208, 5569471]"
900,"[1133018, 986912, 1005186, 1068719, 5569230]"
903,"[1126899, 878996, 6034857, 1024306, 1138443]"
904,"[1133018, 965267, 923746, 1106523, 1082185]"
906,"[1005186, 1039156, 1058997, 1082185, 878996]"
907,"[986912, 5592931, 1043590, 847982, 1068719]"
908,"[1070820, 916122, 1057260, 1068719, 5569471]"
909,"[995242, 1056509, 1029743, 976199, 844179]"
911,"[901062, 903325, 1024306, 1058997, 979707]"
913,"[1070820, 1029624, 866211, 995965, 5569230]"
914,"[1110843, 986912, 1005186, 1044078, 979707]"
915,"[845208, 880150, 1057260, 1068719, 5592931]"
916,"[1058997, 1075368, 1126899, 962229, 913785]"
919,"[908531, 983584, 993638, 1029743, 893018]"
920,"[1106523, 1092026, 5592931, 859075, 1097001]"
922,"[1058997, 1039156, 1126899, 1026118, 1028816]"
924,"[1029743, 951590, 1048462, 1075470, 8090537]"
926,"[903325, 981760, 1117514, 916993, 971922]"
927,"[986912, 965267, 930118, 1127831, 1058997]"
928,"[923746, 908531, 1037863, 835098, 1101173]"
929,"[1070820, 933835, 1039156, 1092026, 986912]"
930,"[1016800, 850102, 917033, 1050741, 981760]"
931,"[951590, 5568378, 1096036, 893018, 834117]"
934,"[1133018, 1106523, 1004906, 1096036, 933835]"
936,"[995242, 1005186, 962229, 908531, 1082185]"
937,"[1126899, 961554, 981760, 1134810, 1021116]"
939,"[1106523, 1092026, 1082185, 1096036, 1044078]"
940,"[845193, 1101173, 9420312, 1019637, 1096036]"
941,"[1005186, 5569327, 916122, 916381, 5568378]"
943,"[5592931, 6533765, 1053690, 1106523, 1133018]"
944,"[951590, 1101010, 1106523, 1132771, 910032]"
946,"[1133018, 1005186, 909894, 866211, 1068719]"
947,"[1039156, 1101010, 883003, 1081177, 1069621]"
949,"[5568378, 1029743, 933835, 971922, 833025]"
951,"[823704, 1116821, 1029743, 1039156, 940947]"
952,"[862349, 1075368, 909894, 1003188, 951590]"
953,"[6034857, 1029743, 893018, 1119051, 859075]"
955,"[1106523, 6533765, 995876, 866211, 951590]"
956,"[1070820, 986912, 1081177, 923746, 874972]"
957,"[5592931, 6533765, 986912, 1068719, 1005186]"
960,"[1070820, 1126899, 1036347, 965267, 857503]"
961,"[986912, 1070820, 5569471, 1082185, 1005186]"
964,"[1106523, 8090537, 8090521, 1074754, 840361]"
965,"[8090537, 844179, 871756, 1044078, 8090521]"
967,"[1110572, 1056509, 5567502, 1133018, 1048462]"
968,"[1075368, 1082185, 1029743, 916122, 983584]"
969,"[1112238, 1002771, 1029743, 1117393, 940700]"
971,"[1075368, 866211, 908531, 995242, 1133018]"
972,"[862349, 13008334, 832678, 1107553, 1136719]"
973,"[878996, 1082185, 1127831, 866211, 944836]"
975,"[5569471, 5569327, 995965, 873627, 1081189]"
976,"[1005186, 1058997, 1127831, 866211, 933835]"
978,"[1070820, 951590, 1082185, 1127831, 1062002]"
979,"[1029743, 1082185, 965766, 899624, 903325]"
981,"[995242, 1092937, 866211, 1082185, 940947]"
982,"[962229, 1106523, 5569230, 1096036, 951590]"
983,"[8090521, 1029743, 5568378, 834117, 5569471]"
984,"[987562, 5569471, 1133018, 903325, 878996]"
985,"[962568, 901062, 1040807, 1029743, 859075]"
986,"[5569845, 995242, 8090521, 1029624, 1051211]"
987,"[1070820, 986912, 859075, 849202, 824005]"
988,"[1070820, 981760, 832678, 972931, 5569374]"
989,"[1029743, 986912, 899624, 833025, 1122358]"
992,"[1005186, 6533765, 1063207, 896369, 970030]"
993,"[995242, 1024306, 951590, 854852, 986912]"
996,"[1133018, 923746, 854852, 1044078, 1101010]"
997,"[1070820, 1019247, 8090521, 981760, 828867]"
998,"[8090521, 8090537, 962229, 1106523, 899624]"
999,"[983584, 1029743, 910032, 944139, 8090532]"
1000,"[986912, 854852, 1133018, 6034857, 1056509]"
1001,"[1119051, 12301109, 893018, 1051211, 834117]"
1003,"[1070820, 5569374, 5569230, 1110572, 910032]"
1004,"[995242, 1054262, 1029743, 1122568, 854405]"
1005,"[847982, 1004906, 8090537, 921744, 1118533]"
1007,"[1029743, 5592931, 1044078, 1127831, 8090537]"
1010,"[862349, 1091365, 1052912, 901062, 961554]"
1011,"[916122, 951412, 1058997, 1126899, 1039156]"
1012,"[1005186, 1070820, 986912, 1110843, 923746]"
1014,"[923746, 981760, 995242, 866211, 962229]"
1015,"[857503, 1096036, 862349, 916993, 1037332]"
1018,"[1070820, 951590, 8090521, 1092026, 5569374]"
1019,"[1028816, 962229, 1026118, 1106523, 986912]"
1020,"[1070820, 1082185, 844179, 1022254, 965766]"
1021,"[1122358, 1029743, 10344585, 1081177, 981760]"
1023,"[1062002, 878996, 1105488, 872137, 957736]"
1024,"[1106523, 847982, 5569230, 1044078, 940947]"
1025,"[8090521, 8090537, 1106523, 5568378, 983584]"
1027,"[1132771, 899624, 981760, 871756, 1051323]"
1029,"[1126899, 1082185, 1058997, 1040807, 885290]"
1030,"[1070820, 986912, 908531, 934399, 854852]"
1034,"[1126899, 934639, 1133018, 981760, 907099]"
1038,"[5592931, 909894, 885290, 844165, 1026118]"
1039,"[951590, 1029743, 5569230, 1040807, 835098]"
1040,"[1126899, 1075368, 8090532, 916993, 5569471]"
1041,"[1106523, 1005186, 1044078, 871756, 859075]"
1042,"[862349, 987562, 903325, 856772, 1039156]"
1043,"[1029743, 1082185, 1106523, 951590, 1127831]"
1045,"[862349, 971922, 834117, 985893, 908531]"
1046,"[1005186, 1126899, 6034857, 1055504, 1105488]"
1050,"[1106523, 951590, 962229, 899624, 1037863]"
1051,"[1137775, 921504, 845193, 6534578, 847344]"
1053,"[1005186, 971922, 970030, 1028816, 979707]"
1057,"[1005186, 1110843, 930118, 892531, 1039156]"
1058,"[1005186, 909894, 985893, 5568378, 5569327]"
1061,"[1106523, 859075, 832678, 899624, 8090537]"
1062,"[1096036, 962229, 1069621, 5569845, 1048462]"
1064,"[862349, 965766, 8090532, 5568378, 828867]"
1066,"[986912, 995242, 1133018, 951590, 1037863]"
1067,"[1126899, 1075368, 8090532, 1132771, 866211]"
1068,"[987562, 986912, 8090537, 1101173, 1025611]"
1069,"[995242, 5569230, 999858, 904129, 1101173]"
1070,"[1029743, 1039156, 1102959, 859075, 1006184]"
1071,"[986912, 1081189, 1110572, 1091365, 1081177]"
1073,"[1058997, 995242, 1082212, 873627, 5569230]"
1074,"[962568, 859075, 940947, 1074754, 5569230]"
1075,"[909894, 986912, 844179, 990797, 1096036]"
1076,"[8090521, 1075368, 873627, 844179, 908318]"
1077,"[951590, 995242, 883932, 1096036, 893018]"
1078,"[1126899, 1106523, 1026118, 878996, 845208]"
1080,"[8090537, 1106523, 12301100, 1056509, 1029743]"
1081,"[1106523, 899624, 5569230, 8090521, 981760]"
1082,"[1106523, 1133018, 859010, 916993, 947798]"
1083,"[8065410, 833025, 1110843, 1044078, 979707]"
1084,"[951590, 1122358, 878996, 981760, 1101173]"
1085,"[1040807, 1029743, 961554, 5569327, 874972]"
1086,"[854852, 971922, 832678, 1138443, 844179]"
1087,"[1106523, 962229, 1044078, 1029743, 1096036]"
1088,"[1068719, 913785, 1051211, 832678, 910032]"
1089,"[947798, 1029743, 1108168, 999779, 1068292]"
1090,"[962229, 930118, 1022254, 965267, 835098]"
1091,"[5569230, 1075368, 951590, 1029743, 899624]"
1092,"[859075, 962229, 1096036, 856772, 918368]"
1093,"[844165, 845208, 1042544, 854405, 1029743]"
1094,"[951590, 933835, 983584, 1081177, 1029743]"
1096,"[1026118, 1037863, 854852, 1090676, 845208]"
1097,"[1106523, 1028816, 923746, 838186, 8090440]"
1098,"[862349, 5585510, 901062, 908531, 854852]"
1100,"[6533765, 896085, 1092026, 1085604, 849202]"
1102,"[866211, 893018, 1082185, 878996, 965766]"
1103,"[1126899, 1039156, 5569230, 1029743, 1074754]"
1104,"[1039156, 1115576, 830887, 1094955, 986912]"
1105,"[1058997, 957736, 5569230, 970747, 1075313]"
1106,"[1057260, 1133018, 1053690, 5585510, 1102959]"
1108,"[1057260, 847982, 1110572, 1018740, 7025106]"
1109,"[862349, 1070820, 981760, 1136257, 854852]"
1111,"[1106523, 854852, 1082185, 923746, 5569230]"
1112,"[1075368, 1002558, 862349, 1062002, 970030]"
1113,"[1126899, 916122, 961554, 1116821, 1127831]"
1114,"[8090521, 1044078, 1051211, 12810393, 910032]"
1115,"[951412, 1024306, 840361, 5569471, 995242]"
1117,"[1106523, 5569230, 1053690, 6533765, 1110572]"
1119,"[995242, 901062, 834117, 8177622, 913210]"
1120,"[909894, 1122358, 1127179, 981760, 862349]"
1121,"[962229, 1070820, 961554, 1092937, 5569230]"
1123,"[962229, 1126899, 986912, 1081177, 5568378]"
1124,"[8090537, 8090521, 1096036, 879755, 1133018]"
1127,"[5569471, 5569230, 896085, 907631, 6034857]"
1128,"[1106523, 5592931, 859075, 1081177, 1136257]"
1129,"[1037332, 1128016, 1094924, 1126899, 1029743]"
1130,"[1039156, 1037863, 1137775, 899624, 1044078]"
1131,"[1029624, 1029743, 981760, 847982, 1075368]"
1132,"[1101173, 951590, 1044078, 981760, 8090537]"
1133,"[981760, 1122358, 930118, 878996, 1055504]"
1134,"[1106523, 1070820, 1037863, 1028816, 857503]"
1135,"[1029743, 1101173, 893018, 869577, 981760]"
1136,"[1039156, 1101173, 5568378, 962229, 1106523]"
1137,"[995242, 885290, 909894, 1082185, 860975]"
1138,"[1053690, 844165, 1102959, 1110572, 916381]"
1139,"[862349, 903325, 872137, 1081177, 849202]"
1141,"[1056509, 879755, 1029743, 1096036, 1044078]"
1142,"[916122, 995965, 965766, 961554, 1082185]"
1145,"[1005186, 1106523, 986912, 1022254, 5569845]"
1146,"[1005186, 1029743, 854852, 951590, 1039156]"
1147,"[1106523, 951590, 1016800, 926905, 1133018]"
1149,"[848071, 1026118, 1041796, 857006, 999250]"
1151,"[923746, 1122358, 1106523, 6602697, 951590]"
1152,"[1005186, 951590, 859075, 893501, 5569471]"
1154,"[1106523, 1053690, 908531, 1096036, 893018]"
1155,"[1016800, 893018, 1029624, 1096036, 878996]"
1158,"[8090521, 1024306, 854852, 862349, 928049]"
1159,"[8090532, 5585510, 1068719, 1082185, 961554]"
1160,"[1106523, 5592931, 1096036, 1068719, 1133018]"
1161,"[862349, 1070820, 8090537, 965267, 976199]"
1163,"[995242, 1056509, 1029743, 859075, 12263788]"
1164,"[1070820, 1082185, 901062, 903325, 1062002]"
1166,"[1029743, 1039156, 961554, 1068719, 1082185]"
1167,"[1070820, 1082185, 1062002, 1082212, 5569471]"
1168,"[983584, 908531, 951412, 916993, 1040807]"
1169,"[859075, 1043590, 844165, 987562, 1106523]"
1171,"[893018, 1092026, 1075368, 1096036, 1029743]"
1172,"[1029743, 1122358, 893018, 1053690, 1068719]"
1175,"[1075368, 951412, 1082185, 985999, 854852]"
1176,"[1139216, 1029743, 1082185, 1106523, 951590]"
1178,"[995242, 840361, 1004906, 1116821, 1104343]"
1179,"[995242, 962229, 908531, 1056509, 833025]"
1180,"[923746, 965766, 1122358, 1029743, 987562]"
1182,"[880150, 899624, 1108168, 1068719, 1044078]"
1183,"[1029624, 909894, 844165, 893018, 899624]"
1185,"[1106523, 1133018, 844179, 914190, 1023958]"
1186,"[1126899, 1082185, 1070820, 1024306, 6034857]"
1187,"[1133018, 1048462, 910673, 1054262, 990797]"
1188,"[1133018, 1005186, 893018, 1102959, 1044078]"
1189,"[1106523, 1026118, 1082212, 1028816, 930118]"
1190,"[8090537, 8090521, 12810393, 1029743, 1127179]"
1191,"[5569230, 1110572, 995242, 951590, 999104]"
1192,"[1133018, 830887, 859075, 851676, 958700]"
1193,"[8090537, 8090521, 913210, 5569230, 834117]"
1194,"[1005186, 1044078, 1096036, 910473, 839419]"
1195,"[1075368, 8090521, 1054262, 1053690, 1137688]"
1196,"[901062, 1070820, 873627, 857503, 903325]"
1197,"[8090521, 951590, 1029743, 8090532, 1005186]"
1198,"[1024306, 1082185, 901062, 874972, 1000753]"
1201,"[8090537, 1056509, 1053690, 5567502, 1106301]"
1202,"[845208, 981760, 8293447, 8273833, 1136257]"
1203,"[1106523, 951590, 866211, 1082185, 1042438]"
1204,"[987562, 1106523, 1110572, 926905, 1085604]"
1205,"[1029743, 951590, 1075368, 1092026, 962229]"
1206,"[1106523, 1133018, 1096036, 986912, 5592931]"
1207,"[5569374, 1024306, 8090537, 8090521, 1056509]"
1209,"[861445, 986912, 921744, 957951, 1135476]"
1210,"[1070820, 857503, 1051516, 1082185, 963971]"
1211,"[981760, 1070820, 5585510, 1000753, 999858]"
1214,"[1110843, 993638, 961979, 1007136, 1005186]"
1216,"[5569471, 862349, 995242, 1101010, 5569230]"
1217,"[962229, 1106301, 1075368, 916122, 1050851]"
1218,"[1070820, 1026118, 961554, 1127831, 916122]"
1219,"[1039156, 934369, 921744, 909894, 933067]"
1221,"[1055504, 923746, 5585510, 896085, 909714]"
1222,"[951590, 933835, 5569230, 1106523, 1005186]"
1223,"[8090521, 5569230, 1106523, 1021324, 871756]"
1224,"[1068719, 862349, 1043590, 5592931, 854852]"
1225,"[1106523, 1092026, 1081177, 1110843, 1096317]"
1226,"[1070820, 859075, 1081177, 1133018, 951590]"
1227,"[840361, 991592, 1058997, 1039156, 1133018]"
1228,"[1005186, 1133018, 5569471, 1106523, 1022254]"
1229,"[1070820, 916122, 903325, 1127831, 951412]"
1230,"[1106523, 1037863, 874972, 1029743, 5568378]"
1231,"[1029743, 1082185, 1024306, 995242, 962568]"
1234,"[862349, 995242, 12810393, 844179, 971922]"
1238,"[962229, 995242, 916122, 8090537, 6034857]"
1240,"[1070820, 1081177, 6034857, 824005, 1028816]"
1241,"[1075368, 1037840, 1053690, 849202, 944139]"
1242,"[1070820, 844179, 1112238, 1023958, 840361]"
1245,"[1133018, 969866, 834117, 863447, 903325]"
1246,"[1126899, 866211, 962229, 1040807, 1006184]"
1247,"[1126899, 961554, 933835, 981760, 951590]"
1248,"[1106523, 951590, 916122, 1082185, 883932]"
1249,"[7025106, 1106523, 12811532, 925862, 916122]"
1252,"[1006184, 1102959, 1052912, 1000753, 897954]"
1256,"[986912, 1022254, 1137688, 979707, 1091365]"
1257,"[1126899, 1055504, 878996, 866211, 1026118]"
1258,"[5569471, 1039156, 854852, 1051211, 1133018]"
1259,"[1058997, 916993, 1082185, 8177622, 960732]"
1260,"[1058997, 1082185, 840361, 999104, 1026118]"
1261,"[866211, 986912, 861445, 983584, 1082185]"
1262,"[854852, 897125, 5569230, 1029624, 1100972]"
1263,"[1016800, 874972, 981760, 850102, 986912]"
1264,"[1012587, 1029743, 5592931, 913210, 1029624]"
1265,"[1133018, 1082185, 995242, 1042544, 5568378]"
1266,"[1133018, 935317, 866211, 1039156, 6602697]"
1267,"[1005186, 862349, 1101173, 13842090, 970119]"
1269,"[1057260, 899624, 908318, 940947, 1040807]"
1270,"[1026118, 1106523, 1028816, 1037863, 1082185]"
1271,"[1082185, 878996, 1029743, 951590, 835098]"
1272,"[1005186, 916122, 1039156, 854852, 962568]"
1274,"[1070820, 951590, 8090537, 8090521, 995242]"
1277,"[1106523, 8090521, 986912, 1081177, 1133018]"
1278,"[916122, 1106523, 962229, 944534, 1006184]"
1279,"[951590, 965766, 1043590, 969866, 1106523]"
1280,"[1058997, 1106301, 985893, 1031864, 1130763]"
1281,"[970202, 6533765, 1131344, 965842, 957013]"
1282,"[951590, 1106523, 1043590, 1044078, 845208]"
1283,"[987724, 995876, 847982, 834117, 1069621]"
1284,"[1096036, 951590, 1106301, 1050851, 1004906]"
1285,"[5569230, 1101173, 1106523, 916122, 1039156]"
1287,"[862349, 1133018, 1005186, 854852, 951590]"
1288,"[923746, 862349, 1062002, 1096036, 1082185]"
1289,"[1110572, 1085604, 5569230, 1138189, 995242]"
1290,"[1133018, 987562, 939636, 1005186, 1081177]"
1291,"[962229, 1106523, 981760, 1043590, 837270]"
1293,"[1044078, 1004906, 1043590, 844179, 5592931]"
1294,"[1126899, 1028816, 1116821, 1081177, 878996]"
1296,"[1005186, 951590, 878996, 995242, 8090537]"
1297,"[1026118, 1082185, 1037863, 854852, 1058997]"
1298,"[1096036, 859010, 1004906, 873203, 921744]"
1299,"[8090521, 834117, 897125, 913210, 840361]"
1300,"[1106523, 1070820, 962568, 1055504, 1026118]"
1303,"[8090521, 1091365, 976199, 1029743, 866211]"
1304,"[923746, 1106523, 871611, 873627, 1026118]"
1305,"[1106523, 5569230, 1110572, 983584, 5569471]"
1306,"[1005186, 951590, 859075, 1096036, 844179]"
1307,"[986912, 1005186, 906262, 1127831, 1110572]"
1310,"[833025, 916122, 8090521, 1091365, 898212]"
1312,"[983584, 878996, 840361, 854852, 1039156]"
1313,"[12810393, 910032, 1096036, 918335, 982790]"
1314,"[1029743, 923746, 976199, 878996, 1082185]"
1316,"[5568378, 962229, 1029743, 982790, 1082185]"
1317,"[1029743, 5568378, 1005186, 893018, 1110843]"
1318,"[1005186, 1028816, 951412, 854852, 925862]"
1319,"[866211, 5569471, 916122, 831628, 878996]"
1321,"[1106523, 1096036, 893018, 923746, 1075470]"
1325,"[961554, 903325, 845208, 1081177, 999104]"
1326,"[1029743, 6533765, 899624, 1044078, 5585510]"
1328,"[844165, 951590, 859075, 1096036, 923746]"
1329,"[1110843, 962229, 5569374, 1027569, 1024306]"
1330,"[987562, 910032, 5569230, 859075, 1106523]"
1332,"[951412, 1116821, 1081189, 903325, 824005]"
1333,"[1126899, 6034857, 1096036, 1027569, 1051211]"
1334,"[879755, 5569327, 8090537, 5592931, 833025]"
1335,"[862349, 995965, 866871, 5569471, 930118]"
1336,"[1096036, 916122, 893018, 859075, 833025]"
1337,"[5569230, 962229, 1082185, 983584, 1029743]"
1338,"[1092026, 844165, 1106523, 1044078, 1096036]"
1340,"[995242, 951412, 1068719, 862349, 1133018]"
1342,"[986912, 1024306, 936914, 1046816, 978974]"
1343,"[1005186, 1122358, 1101173, 832678, 5569845]"
1344,"[1029743, 1082185, 981760, 856772, 850102]"
1346,"[866211, 1127831, 1046262, 1081177, 1058997]"
1347,"[849202, 951590, 1037840, 1108168, 1107553]"
1350,"[965766, 981760, 962229, 1037863, 909894]"
1351,"[1106523, 860975, 896369, 819978, 1044078]"
1352,"[987562, 976199, 1024306, 951412, 1004906]"
1353,"[5592931, 8090521, 1057260, 8090537, 1050851]"
1354,"[995242, 1005186, 1110843, 866211, 878996]"
1355,"[871756, 1022254, 1056509, 1075214, 983078]"
1356,"[1070820, 5569230, 981760, 854852, 946839]"
1357,"[1070820, 1096036, 860975, 5569471, 5569230]"
1358,"[995242, 5569230, 1106523, 923746, 1029743]"
1359,"[1075368, 893018, 916122, 995242, 1096036]"
1360,"[930118, 9859128, 5591154, 971807, 1024731]"
1361,"[6034857, 951590, 878996, 961554, 8090537]"
1362,"[1024306, 878996, 7168026, 1105488, 1127831]"
1363,"[5569230, 1110843, 844179, 1082212, 1082185]"
1364,"[1005186, 986912, 1056509, 1110843, 987562]"
1366,"[909894, 1081177, 1026118, 1101010, 1126899]"
1367,"[1126899, 8090521, 1110572, 1070820, 979707]"
1368,"[916122, 944137, 5569471, 1070820, 12301405]"
1369,"[1126899, 1058997, 981760, 1082185, 1039156]"
1370,"[844179, 1106523, 8090521, 1110572, 1024306]"
1374,"[1133018, 944534, 1081177, 1106523, 1043590]"
1375,"[1051516, 951412, 1106523, 899624, 878996]"
1376,"[1029743, 8090537, 1004906, 990797, 844179]"
1378,"[1082185, 5585510, 1062002, 1024306, 857503]"
1379,"[1029743, 962229, 1082185, 923746, 981760]"
1380,"[878996, 934369, 901666, 1128812, 1037863]"
1381,"[1133018, 1106523, 995876, 5568721, 1092303]"
1382,"[940947, 5569230, 1029743, 8090532, 833025]"
1383,"[909714, 8090521, 6034857, 5585510, 1006184]"
1384,"[1133018, 5592931, 923746, 1004906, 880150]"
1385,"[1029743, 5568378, 1122358, 923746, 1118533]"
1387,"[878996, 944534, 866871, 1105488, 999104]"
1388,"[1039156, 1068719, 995242, 1042544, 1041796]"
1389,"[1058997, 986912, 12263788, 871756, 7025114]"
1390,"[5569230, 1005186, 999858, 976199, 962229]"
1391,"[6034857, 873627, 916993, 1096036, 893018]"
1393,"[1058997, 901062, 1126899, 866211, 6034857]"
1394,"[862349, 962229, 940947, 6034857, 5569374]"
1395,"[1048462, 1126899, 1058997, 940947, 6533608]"
1397,"[1106523, 1005186, 1068719, 1058997, 1037863]"
1398,"[5569374, 5569471, 916993, 986912, 1027569]"
1401,"[1044078, 878996, 1106301, 1135258, 1096036]"
1402,"[1133018, 981760, 1057260, 845208, 969866]"
1403,"[5569230, 1075368, 951590, 1039156, 1053690]"
1405,"[5569471, 871756, 1056509, 844179, 976199]"
1406,"[5569327, 1138443, 8090521, 5569845, 933835]"
1409,"[1133018, 908531, 923746, 1096036, 1042438]"
1410,"[874972, 1029743, 844165, 859075, 1102959]"
1412,"[1029743, 885290, 8090521, 965766, 832678]"
1413,"[1082212, 1043590, 969866, 939636, 1051323]"
1414,"[1126899, 921744, 859010, 851287, 855557]"
1417,"[1096036, 835243, 1106523, 913210, 999858]"
1418,"[1082185, 990797, 862349, 1070820, 948670]"
1419,"[1106523, 1044078, 5568378, 1026118, 859075]"
1421,"[8090521, 5569230, 1053690, 962229, 1096036]"
1423,"[1082185, 1022254, 860975, 1056509, 870547]"
1425,"[951590, 8090537, 8090521, 5569471, 5569230]"
1426,"[844165, 1101173, 971922, 983584, 916122]"
1427,"[995242, 923746, 987562, 951590, 1110843]"
1428,"[8090537, 833025, 1029743, 8090532, 976199]"
1429,"[1126899, 948670, 1058997, 849003, 990656]"
1430,"[1126899, 5569230, 962229, 981760, 951590]"
1431,"[1110572, 5569230, 832678, 916122, 1053690]"
1434,"[1053690, 1075368, 1133018, 839419, 840361]"
1437,"[995242, 1044078, 5569230, 893018, 845208]"
1440,"[844165, 1106523, 1092026, 1056509, 8090537]"
1443,"[945662, 819927, 998444, 906844, 1070538]"
1445,"[6034857, 951412, 903325, 909714, 8090537]"
1447,"[844165, 913210, 879755, 1054262, 916381]"
1450,"[6533765, 1096036, 893018, 878996, 957951]"
1451,"[1070820, 1082185, 824005, 1044078, 1127831]"
1452,"[1039156, 1118533, 1110572, 6533765, 1013928]"
1453,"[1005186, 986912, 995242, 1110572, 878996]"
1454,"[878996, 5569471, 5569374, 1082185, 1029743]"
1457,"[1044078, 987724, 1106523, 5592931, 1081177]"
1458,"[845208, 874972, 990797, 976199, 1105488]"
1459,"[874972, 844179, 872137, 1110843, 908318]"
1461,"[1029743, 6533765, 1082185, 1000753, 1070702]"
1462,"[995242, 885290, 1062002, 890695, 951412]"
1463,"[8090537, 986912, 987724, 993638, 850102]"
1464,"[854852, 5569471, 908531, 916122, 893501]"
1465,"[1039156, 971922, 878996, 976199, 999858]"
1466,"[1122358, 1082212, 5569327, 835098, 1126899]"
1467,"[1005186, 1110572, 986912, 1085604, 861445]"
1470,"[1029743, 1070820, 862349, 995242, 1027569]"
1471,"[913210, 1039156, 1091365, 834117, 1085604]"
1473,"[1126899, 866211, 903325, 5568729, 10344585]"
1474,"[1106523, 883932, 1053690, 933835, 5569230]"
1475,"[1070820, 981760, 1056509, 862349, 903325]"
1476,"[995242, 1058997, 1115576, 907099, 862349]"
1479,"[1029743, 5568378, 5592931, 879755, 1058997]"
1480,"[1044078, 1029743, 844179, 1066893, 1082185]"
1481,"[995242, 951590, 1068719, 885290, 6533765]"
1483,"[5569230, 1133018, 5592931, 1110572, 1070820]"
1484,"[1058997, 840361, 1110843, 961554, 1127831]"
1485,"[1106523, 1056509, 1075368, 6034857, 913210]"
1487,"[940947, 5569230, 8090509, 8090440, 832678]"
1488,"[1110572, 1126899, 5568378, 923746, 1082185]"
1489,"[1029743, 908531, 1082185, 933835, 893018]"
1490,"[995242, 930118, 874972, 969866, 916122]"
1491,"[1029743, 951590, 901062, 1053690, 1106523]"
1492,"[995242, 901062, 1102959, 1024306, 847982]"
1493,"[1106523, 8090521, 1097001, 1133018, 1085604]"
1494,"[1068719, 923746, 1133018, 1081177, 995242]"
1495,"[986912, 1022254, 1081177, 1037863, 934639]"
1499,"[933835, 8090532, 981760, 944486, 1088147]"
1500,"[951590, 1068719, 987562, 981760, 1122358]"
1501,"[1070820, 961554, 1082185, 951412, 903325]"
1502,"[1070820, 971922, 1082185, 840361, 862349]"
1506,"[1044078, 1029624, 12301100, 1116821, 844179]"
1507,"[879755, 873654, 1122358, 13841744, 1043751]"
1508,"[1126899, 951412, 1122358, 1006184, 916993]"
1509,"[1029743, 1042438, 1005186, 1016800, 926905]"
1510,"[1005186, 986912, 1133018, 1039156, 5569471]"
1511,"[1106523, 862349, 5569230, 8090521, 983584]"
1512,"[8090521, 947798, 1085604, 983584, 1005186]"
1513,"[1137346, 1053690, 940947, 854852, 819927]"
1514,"[1126899, 1006184, 1082185, 995965, 962568]"
1515,"[962229, 933835, 1101010, 971922, 5569230]"
1517,"[1070820, 951590, 983584, 965267, 1101010]"
1518,"[1082212, 1029743, 874972, 5585510, 1024306]"
1519,"[1070820, 5569230, 8090521, 6034857, 916122]"
1520,"[1029743, 8090521, 1127831, 1102949, 878996]"
1521,"[883932, 1039156, 995242, 1133018, 1053690]"
1523,"[893018, 1029743, 983584, 840361, 948670]"
1524,"[1126899, 5569374, 5569471, 6034857, 1122568]"
1525,"[871756, 1068719, 995242, 893018, 845208]"
1526,"[844165, 8090537, 1133018, 986912, 1077555]"
1527,"[951590, 1029743, 1106523, 5569471, 1082185]"
1528,"[1053690, 1075368, 844165, 1029743, 923746]"
1529,"[1044078, 6533765, 1026118, 1106523, 993466]"
1530,"[1058997, 999104, 1081177, 1055504, 1082185]"
1531,"[1058997, 916122, 1126899, 1082185, 878996]"
1532,"[5569471, 1039156, 8090513, 6534030, 1101010]"
1533,"[1102959, 986912, 1098248, 1081177, 957736]"
1534,"[1070820, 923746, 1005186, 824005, 6034857]"
1535,"[1106523, 844179, 1044078, 1005186, 5568378]"
1536,"[1075368, 8090532, 1126899, 5569471, 6034857]"
1537,"[1106523, 5569230, 1029743, 1042544, 893018]"
1539,"[1007136, 1033403, 824193, 904435, 1029743]"
1540,"[987562, 1106523, 844165, 1133018, 5568378]"
1541,"[1029743, 1082185, 940947, 962229, 901062]"
1542,"[8090521, 821083, 1056509, 1133018, 865456]"
1543,"[1053690, 845208, 859075, 1102959, 866211]"
1545,"[1106523, 8090521, 844179, 923746, 1131438]"
1546,"[965766, 995242, 6533765, 1132771, 908531]"
1547,"[995242, 893501, 1039156, 1023958, 909894]"
1548,"[1053690, 835098, 995242, 1029743, 1042438]"
1549,"[986912, 1133018, 1122358, 1106523, 969866]"
1550,"[6533765, 1106523, 1133018, 1096036, 860975]"
1552,"[1029743, 951590, 944836, 997309, 908064]"
1553,"[5592931, 874972, 899624, 1038746, 858302]"
1555,"[1005186, 995242, 986912, 1053690, 1029743]"
1556,"[995242, 1082185, 1096036, 893018, 916122]"
1557,"[1106523, 1026118, 845208, 951590, 1127831]"
1558,"[5569374, 995242, 1006184, 1005186, 1110843]"
1559,"[1075368, 1026118, 940947, 908318, 965842]"
1560,"[823704, 923746, 1039156, 859075, 1029743]"
1563,"[1039156, 1028816, 1126899, 951412, 1070820]"
1564,"[1046689, 1028816, 930118, 971922, 840361]"
1566,"[976199, 1082185, 1022254, 859075, 1081177]"
1567,"[1133018, 1082185, 1026118, 8090537, 8090521]"
1568,"[923746, 1133018, 899624, 1051323, 871756]"
1569,"[995242, 1096036, 923746, 866211, 878996]"
1570,"[5569374, 976199, 1070702, 979707, 908318]"
1571,"[1062128, 844165, 1051211, 954966, 1105488]"
1572,"[1126899, 1058997, 1039156, 896085, 1005274]"
1575,"[862349, 903325, 901062, 1070820, 1026118]"
1576,"[1037863, 981760, 1110843, 909894, 5569845]"
1577,"[1029743, 5569327, 916122, 999858, 8090532]"
1578,"[916122, 844165, 1081177, 1106301, 824005]"
1579,"[1005186, 951590, 1029743, 1127831, 844179]"
1580,"[1005186, 1106301, 859075, 6533765, 916122]"
1581,"[5569471, 909714, 1070820, 916122, 1029743]"
1584,"[951590, 1106523, 1053690, 1029743, 962229]"
1585,"[1126899, 5569471, 1053690, 901062, 1055504]"
1587,"[859075, 8090521, 1085604, 5568378, 899624]"
1588,"[6034857, 878996, 908531, 1028816, 1082185]"
1590,"[1070820, 1029743, 854852, 1081177, 985999]"
1591,"[1070820, 916993, 987562, 961554, 6034857]"
1592,"[1110764, 1110843, 1007136, 1091365, 1005186]"
1593,"[873203, 840361, 1044078, 5569471, 995242]"
1594,"[1106523, 6533765, 1110843, 1101010, 1068719]"
1595,"[5568378, 1005186, 971922, 987562, 976199]"
1596,"[1028816, 1051211, 1040807, 995965, 1127179]"
1598,"[995242, 951590, 986912, 1005186, 908531]"
1599,"[1133018, 951590, 1043590, 1068719, 987562]"
1600,"[969866, 1039156, 1108131, 1106523, 1106301]"
1602,"[1070820, 1058997, 1029743, 1082185, 1126899]"
1604,"[832678, 1051211, 986912, 879528, 944486]"
1607,"[5569471, 5569230, 8090521, 8090537, 5569374]"
1608,"[1026118, 901062, 1081177, 878996, 854852]"
1609,"[951590, 1082185, 1070820, 1029743, 1127831]"
1611,"[934639, 1037840, 1026118, 986912, 1029743]"
1612,"[1126899, 1005186, 1058997, 901062, 1070820]"
1614,"[1082185, 1022254, 1037863, 965267, 901062]"
1618,"[862349, 1006184, 903325, 971922, 1110843]"
1619,"[1082185, 854852, 1075368, 1117514, 930118]"
1620,"[1106523, 1110572, 5592931, 1044078, 1096036]"
1621,"[1106523, 1092026, 1101010, 933835, 972931]"
1622,"[1062002, 5585510, 1029743, 1082185, 8090532]"
1623,"[6533765, 1106523, 1043590, 870547, 1068719]"
1624,"[986912, 5569230, 1026118, 1082185, 871611]"
1627,"[6533765, 934639, 1068292, 880427, 845208]"
1628,"[1110572, 861445, 986912, 840361, 1106523]"
1630,"[1106523, 5585510, 1082185, 1018740, 993638]"
1631,"[1029743, 1044078, 5592931, 844179, 5569327]"
1633,"[951590, 1029743, 854852, 1101010, 859075]"
1634,"[1044078, 1070820, 8090537, 907631, 5569327]"
1636,"[845208, 972931, 901062, 1106523, 1075470]"
1637,"[1014948, 1053282, 1132911, 827999, 1039156]"
1638,"[1058997, 1024306, 1098248, 962568, 1126899]"
1640,"[8090521, 1106523, 1075368, 8090532, 1037840]"
1641,"[1126899, 1076875, 1081177, 854852, 944137]"
1642,"[1106523, 845208, 854852, 1082185, 1037863]"
1643,"[1016800, 926905, 896085, 1106523, 893018]"
1645,"[921744, 1011300, 951412, 944534, 6034857]"
1646,"[1126899, 8090537, 874972, 834117, 983584]"
1648,"[1106523, 845208, 1028816, 983584, 1044078]"
1649,"[1133018, 970030, 1051516, 1069621, 916122]"
1650,"[962568, 6034857, 903325, 944137, 874972]"
1652,"[5568378, 5567502, 1092937, 1034176, 944317]"
1653,"[1082185, 1029743, 1024306, 1039156, 1127831]"
1654,"[1040935, 1110843, 5569471, 887102, 965267]"
1657,"[1053690, 1106523, 6533765, 916381, 1101010]"
1658,"[885290, 1006184, 883003, 909894, 1070845]"
1659,"[824005, 6034857, 1028816, 1029743, 854852]"
1660,"[923746, 6602697, 1106523, 839419, 1068719]"
1662,"[1126899, 916122, 1127831, 1026118, 903325]"
1663,"[1070820, 5569327, 983584, 1027569, 5568378]"
1664,"[870547, 1070820, 1044078, 868764, 873627]"
1665,"[986912, 1043590, 6602697, 832678, 6034857]"
1666,"[1048462, 983584, 1122358, 893018, 8090537]"
1669,"[857503, 1126899, 879506, 980666, 1078652]"
1672,"[1043590, 5592931, 1029624, 923746, 1082185]"
1673,"[1053690, 1106523, 845208, 951590, 981760]"
1676,"[1028816, 845208, 878996, 903325, 824005]"
1677,"[1029743, 8090521, 995242, 885290, 5568378]"
1680,"[1058997, 1126899, 893018, 870547, 909268]"
1683,"[5569471, 993638, 979707, 893501, 1104343]"
1684,"[1106523, 8090521, 8090537, 1092026, 910032]"
1685,"[1091365, 1110843, 1005274, 5569471, 896369]"
1686,"[1005186, 986912, 1110843, 1106523, 1043590]"
1687,"[1126899, 832678, 976199, 961554, 835098]"
1688,"[995876, 897125, 1029743, 1044078, 5569230]"
1690,"[951590, 832678, 8090537, 863447, 1133018]"
1692,"[1044078, 1056509, 844179, 921744, 1029743]"
1693,"[1126899, 1028816, 1082185, 903325, 1110572]"
1694,"[951590, 859075, 6533765, 1044078, 835098]"
1695,"[1102959, 1102949, 6533765, 891141, 1134483]"
1696,"[1024306, 1070820, 1082212, 840361, 995965]"
1697,"[1044078, 1016800, 5569845, 999858, 1081177]"
1698,"[5585510, 965267, 5592931, 930118, 1044078]"
1699,"[993638, 874972, 5569845, 5569327, 1043494]"
1700,"[1101173, 5568378, 990797, 1029624, 907631]"
1701,"[5568378, 5569230, 995242, 6534077, 1026118]"
1703,"[1106523, 965766, 923746, 1039156, 5592931]"
1704,"[5592931, 860975, 987562, 833025, 1100972]"
1705,"[995242, 5568378, 5592931, 13842214, 6602697]"
1706,"[860248, 1122358, 5569327, 1101010, 983584]"
1707,"[995242, 962229, 861445, 908531, 1085604]"
1708,"[951590, 944534, 832678, 12810393, 854852]"
1709,"[873203, 5569374, 5569471, 7166861, 1034686]"
1710,"[1106523, 1082185, 1058997, 1126899, 916122]"
1712,"[840361, 901062, 1137775, 1126899, 1057260]"
1716,"[5592931, 995242, 1085604, 859075, 12302069]"
1717,"[1029743, 1056509, 1116821, 848319, 995242]"
1718,"[1137775, 1070820, 1000753, 1037840, 961554]"
1719,"[1070820, 916993, 840361, 1106523, 940947]"
1720,"[862349, 951590, 1070820, 834117, 909714]"
1722,"[1126899, 987562, 1006184, 1026118, 5569471]"
1723,"[965267, 1018740, 1024306, 878996, 866211]"
1724,"[1126899, 916993, 857503, 1127831, 878996]"
1726,"[6034857, 866211, 824005, 979707, 878996]"
1728,"[1096036, 1058997, 1101173, 1126899, 9296919]"
1729,"[1110843, 1133018, 981760, 1104343, 1068719]"
1731,"[1126899, 1029624, 1082185, 1106523, 1135258]"
1732,"[1029743, 844179, 873627, 914190, 933835]"
1733,"[986912, 1025611, 879755, 1004906, 885290]"
1734,"[1026118, 1075368, 962229, 1122568, 1043301]"
1735,"[8090537, 981760, 951590, 995242, 824005]"
1737,"[1058997, 961554, 901062, 962568, 849003]"
1738,"[1040807, 819978, 5569471, 834117, 1118033]"
1739,"[5568378, 1048462, 1053690, 962229, 1133018]"
1740,"[1005186, 1075368, 1127831, 1056509, 6034857]"
1742,"[12810393, 1029624, 944534, 1044078, 844179]"
1743,"[990797, 1004906, 893018, 1069621, 899624]"
1745,"[923746, 871756, 983584, 1106523, 854852]"
1747,"[1106523, 962568, 845208, 1043590, 859075]"
1748,"[1106523, 947798, 1101173, 844179, 962229]"
1749,"[862349, 5569374, 951590, 1006184, 908318]"
1750,"[909714, 916122, 990797, 5568378, 897125]"
1751,"[1070820, 5569230, 1053690, 897125, 859075]"
1752,"[951590, 1106523, 1044078, 5568378, 1133018]"
1753,"[986912, 1133018, 879755, 844165, 1085604]"
1754,"[1039156, 859075, 1053690, 5585510, 5569230]"
1755,"[8090521, 951590, 999714, 859075, 901062]"
1756,"[1070820, 1075368, 1126899, 893018, 1070702]"
1758,"[1126899, 1132771, 899624, 896085, 1096036]"
1759,"[1126899, 1005186, 1044078, 986912, 861445]"
1760,"[983584, 1004906, 906838, 1038985, 860975]"
1761,"[1133018, 854852, 1026118, 863447, 1044078]"
1762,"[1029743, 923746, 983584, 859075, 878996]"
1763,"[1106523, 1075368, 1037840, 981760, 1082185]"
1764,"[1126899, 903325, 901062, 1075368, 5569374]"
1765,"[1070820, 883932, 916122, 1037863, 951590]"
1766,"[1005186, 8090537, 1026118, 5592931, 1133018]"
1767,"[986912, 1106523, 5569230, 1110572, 908531]"
1768,"[899624, 999858, 839419, 1024306, 6034857]"
1769,"[872137, 8090537, 1039156, 981760, 1037863]"
1770,"[995242, 874972, 1039156, 951412, 961554]"
1773,"[5569471, 840361, 916122, 1117514, 951412]"
1774,"[8090537, 8090521, 990797, 1101173, 902172]"
1775,"[1126899, 1082185, 1005186, 5569471, 866211]"
1776,"[986912, 845208, 1026118, 995242, 1082185]"
1778,"[1029743, 951590, 1004906, 981760, 961554]"
1779,"[1070820, 845208, 1101010, 1004906, 854852]"
1780,"[5592931, 1106523, 908318, 1068719, 1043590]"
1781,"[1028816, 878996, 930118, 1127831, 1105488]"
1783,"[1058997, 1127831, 5569471, 859075, 866211]"
1784,"[979707, 878996, 8090521, 998119, 8090532]"
1785,"[1126899, 840361, 1105488, 916122, 993466]"
1787,"[1043590, 859075, 833025, 987562, 1096036]"
1788,"[995242, 909714, 854852, 1022254, 951412]"
1789,"[987562, 1110843, 8090537, 1027569, 1138443]"
1790,"[883932, 1082185, 951590, 5569374, 945662]"
1791,"[976199, 845208, 1039156, 916122, 995242]"
1792,"[1075368, 1039156, 962229, 847982, 1101010]"
1793,"[939636, 969866, 1122358, 5568378, 866211]"
1794,"[5569230, 1110572, 1106301, 1053690, 1106523]"
1795,"[862349, 1070820, 8090521, 1039156, 861445]"
1796,"[1029743, 965766, 1042438, 951590, 1068719]"
1797,"[862349, 940947, 854852, 962568, 951412]"
1798,"[866211, 901062, 5569471, 1028816, 1116821]"
1800,"[1058997, 908531, 983584, 976199, 1126899]"
1801,"[1013928, 1040371, 866871, 1092026, 1050851]"
1802,"[885290, 1101173, 990797, 5578547, 854852]"
1803,"[5569230, 951590, 1056509, 1022254, 5585510]"
1804,"[1029743, 1127831, 916993, 823704, 5569374]"
1805,"[1075368, 1005186, 921744, 1063207, 931255]"
1806,"[1126899, 1029743, 893018, 1096036, 1091365]"
1807,"[1126899, 1058997, 878996, 1006184, 923746]"
1808,"[1005186, 1053690, 1037840, 1110572, 986912]"
1809,"[1039156, 995242, 1055504, 12810393, 854405]"
1810,"[1024306, 1108094, 944139, 995242, 1130777]"
1812,"[1110843, 1058997, 1037863, 1024306, 1033142]"
1814,"[1014948, 865705, 1029743, 976199, 951590]"
1815,"[971922, 940947, 859075, 5568378, 907631]"
1816,"[1070820, 987724, 859075, 1056509, 1081177]"
1817,"[995242, 1005274, 993466, 960732, 925862]"
1818,"[878996, 859075, 1037863, 965766, 5568378]"
1821,"[1106523, 8090521, 5568378, 983584, 933835]"
1822,"[986912, 1029743, 1106523, 1044078, 1062002]"
1823,"[1070820, 1082185, 862349, 916122, 847982]"
1824,"[5569471, 1106523, 962229, 983584, 844179]"
1826,"[1029743, 933835, 859075, 5592931, 918368]"
1829,"[995242, 878996, 940947, 8090537, 1127831]"
1831,"[1058997, 1082185, 857503, 845208, 909268]"
1832,"[1082185, 1137775, 1058997, 951412, 1022097]"
1833,"[1106523, 962229, 8090521, 874972, 893018]"
1835,"[1024306, 933835, 878996, 995242, 1127831]"
1836,"[1058997, 1028816, 1039156, 6034857, 1126899]"
1837,"[8090537, 8090521, 854852, 909714, 965267]"
1838,"[5569471, 5569230, 1053690, 990797, 1056509]"
1839,"[1133018, 1106523, 1044078, 12301100, 995242]"
1841,"[999858, 872137, 961554, 1062002, 854852]"
1843,"[5569845, 849202, 1081177, 1038985, 951590]"
1844,"[1037863, 1081177, 1026118, 916122, 1037337]"
1845,"[1126899, 923746, 1127831, 878996, 976199]"
1846,"[5569471, 5569845, 908531, 5567502, 871756]"
1847,"[1070820, 862349, 951590, 5569230, 871756]"
1848,"[1005186, 986912, 951590, 854852, 908531]"
1849,"[1005186, 1056509, 1029743, 1091365, 995242]"
1850,"[862349, 1127831, 854852, 1062002, 909714]"
1853,"[1075368, 1043590, 1024306, 1085604, 849202]"
1854,"[1055504, 995242, 1127831, 1062002, 961554]"
1856,"[986912, 862349, 1070820, 1005186, 1029624]"
1857,"[1092026, 1106301, 908318, 8090521, 854852]"
1858,"[1058997, 1026118, 940947, 1081177, 854852]"
1861,"[5568378, 1029743, 981760, 1044078, 1108131]"
1862,"[1005186, 8090537, 854852, 1028816, 1091365]"
1864,"[1024306, 995242, 923746, 903325, 1127831]"
1865,"[1070820, 862349, 986912, 1058997, 5569230]"
1867,"[5569471, 849202, 5569845, 5569230, 897954]"
1868,"[8090537, 1106301, 846823, 1025611, 1043751]"
1869,"[1126899, 916122, 940947, 923746, 1106301]"
1871,"[1026118, 854852, 1082185, 824005, 1081177]"
1872,"[1055504, 1039156, 1002771, 859075, 1127831]"
1873,"[1106523, 962229, 1082185, 1037840, 6533765]"
1876,"[856772, 1029743, 1082185, 1106523, 951590]"
1877,"[1075470, 1122358, 983584, 909894, 1013928]"
1879,"[951590, 1082185, 933835, 854852, 1133018]"
1880,"[1106523, 1029624, 1081177, 1068719, 1038663]"
1881,"[995242, 901062, 987562, 1137775, 913210]"
1882,"[1070820, 1053282, 1009368, 1039781, 873627]"
1883,"[8090521, 1096036, 933835, 1053690, 5569230]"
1884,"[883932, 7441210, 983267, 999714, 856252]"
1887,"[1058997, 908531, 1126899, 872137, 981760]"
1889,"[944836, 1101173, 1048462, 1132911, 1132771]"
1890,"[1126899, 961554, 903325, 916122, 1116821]"
1891,"[1055425, 995242, 1082185, 1133018, 1039156]"
1892,"[1133018, 6533765, 1068719, 1044078, 859075]"
1895,"[1044078, 5569471, 840361, 962229, 1039156]"
1896,"[1082185, 1075368, 12263788, 1037840, 1022254]"
1898,"[1005186, 1003616, 825994, 1110843, 871756]"
1899,"[951590, 1122358, 1029743, 866211, 1070820]"
1900,"[1070820, 878996, 1132771, 940947, 862349]"
1901,"[1005186, 995242, 1110843, 1044078, 986912]"
1903,"[951590, 6533765, 917033, 916122, 1133018]"
1904,"[1058997, 896862, 1123842, 1005186, 995242]"
1906,"[995242, 845208, 981760, 8090532, 844179]"
1907,"[1075368, 1057260, 976199, 916122, 819978]"
1909,"[1133018, 1044078, 5569230, 909894, 928049]"
1911,"[1058997, 1044078, 995242, 910032, 1070820]"
1912,"[1106523, 1005186, 1081177, 12302069, 5569471]"
1914,"[862349, 999104, 913785, 1075214, 948670]"
1916,"[885290, 1133018, 1068719, 969866, 5592931]"
1917,"[1106523, 923746, 1029743, 909894, 896085]"
1918,"[1024306, 1082185, 1014948, 995965, 1127831]"
1919,"[1005186, 1106523, 1026118, 987562, 845208]"
1920,"[862349, 1070820, 1062002, 1137688, 1062128]"
1922,"[1082185, 1126899, 1058997, 1005186, 862349]"
1923,"[961554, 1005186, 903325, 901062, 866211]"
1924,"[983584, 908531, 1102959, 1132771, 940947]"
1925,"[1106523, 951590, 6034857, 1082185, 1081177]"
1926,"[1062002, 1024306, 916122, 976199, 1000753]"
1927,"[951590, 5585510, 1044078, 923746, 1106523]"
1928,"[983584, 1070820, 1110572, 1053690, 1085604]"
1929,"[951590, 1024306, 933835, 981760, 1106523]"
1930,"[1122358, 962229, 5568729, 1075368, 1085604]"
1931,"[1082185, 1133018, 1082212, 823704, 923746]"
1932,"[951590, 1053690, 916122, 874972, 840361]"
1935,"[1126899, 1005186, 999104, 986912, 916122]"
1936,"[1005186, 962229, 844179, 1029743, 861445]"
1937,"[1070820, 962229, 986912, 1028816, 999104]"
1939,"[859075, 896085, 995242, 833025, 1101173]"
1940,"[1024306, 1026118, 1028816, 854852, 1096317]"
1941,"[1133018, 1106523, 947798, 1044078, 8090521]"
1942,"[1110572, 5569230, 5585510, 1133018, 1004906]"
1943,"[6533765, 1029743, 1068719, 983584, 1029624]"
1944,"[1070820, 1082185, 1106523, 1029743, 878996]"
1946,"[1070820, 923746, 1082185, 8090509, 859075]"
1947,"[1126899, 951590, 933835, 5568378, 1040807]"
1948,"[1058997, 916993, 5592931, 1062002, 1065593]"
1949,"[962229, 923746, 1044078, 1127831, 944534]"
1950,"[962229, 1126895, 921504, 5592931, 1081177]"
1951,"[1127831, 5592931, 987724, 879528, 859010]"
1952,"[893018, 834117, 1029743, 5568721, 1110843]"
1953,"[986912, 916122, 951412, 5585510, 944137]"
1954,"[1026118, 962568, 1069621, 1019247, 1122358]"
1955,"[1082185, 1106523, 1133018, 1039156, 1050851]"
1956,"[1126899, 1070820, 933835, 5569374, 951590]"
1957,"[962229, 1040807, 1029743, 8177622, 5568378]"
1960,"[862349, 1070820, 1044078, 8090537, 839656]"
1961,"[1106523, 1096036, 1074754, 1004906, 1034686]"
1962,"[1056509, 995242, 976199, 1022254, 1039156]"
1963,"[5569471, 5569374, 859075, 862349, 859010]"
1964,"[1127831, 910032, 1002771, 986912, 880150]"
1965,"[1058997, 8090521, 1133018, 1087102, 1122358]"
1966,"[1082185, 1070820, 878996, 1127831, 1028816]"
1967,"[1056509, 916993, 1091365, 1070820, 1127831]"
1968,"[1122358, 1082212, 896085, 916122, 1112238]"
1969,"[1029743, 1081177, 1044078, 5569845, 1075470]"
1970,"[1108131, 8090521, 985893, 5569230, 1133018]"
1971,"[1029743, 899624, 1082212, 1058997, 1070820]"
1975,"[995242, 951590, 840361, 883003, 1006184]"
1976,"[1106523, 849202, 986912, 12301100, 1053690]"
1978,"[5569471, 1029743, 1082212, 1082185, 1136257]"
1981,"[1126899, 1082212, 1037863, 878996, 845208]"
1983,"[885290, 971922, 5569230, 866211, 1029743]"
1985,"[1106523, 5569230, 1082185, 840361, 962229]"
1987,"[1126899, 1011876, 949294, 1106064, 1062782]"
1988,"[1106523, 8090537, 903325, 923746, 6034857]"
1989,"[1005186, 1110843, 878996, 903325, 916122]"
1990,"[1126899, 1029743, 840361, 859075, 847982]"
1992,"[1057260, 1042438, 1039156, 916122, 8090532]"
1993,"[1133018, 1018740, 1004906, 961554, 5568729]"
1994,"[1091365, 1126899, 1039156, 5568378, 893018]"
1995,"[1106523, 1029743, 923746, 901062, 854852]"
1996,"[1126899, 1058997, 5569230, 1070820, 981760]"
1997,"[1126899, 1058997, 903325, 821083, 976199]"
1998,"[1133018, 1053690, 5592931, 1106523, 1044078]"
1999,"[995242, 844165, 986912, 847982, 5569327]"
2001,"[1126899, 1127831, 878996, 883003, 1138443]"
2003,"[5569471, 1058997, 1051211, 10344585, 857503]"
2004,"[951590, 995242, 5568378, 1039156, 883932]"
2005,"[951590, 1068719, 1096036, 1110843, 819978]"
2006,"[5569471, 916993, 1082185, 1133018, 893501]"
2007,"[1106523, 961554, 1082185, 981760, 878996]"
2008,"[1126899, 885290, 834117, 995242, 893018]"
2010,"[1044078, 1043590, 5585510, 845208, 880150]"
2011,"[893501, 1007136, 1091365, 1006184, 961554]"
2012,"[1106523, 1133018, 916122, 1053690, 1044078]"
2014,"[5592931, 1106523, 1037863, 913785, 1101173]"
2015,"[1029743, 940947, 1048462, 883932, 910032]"
2016,"[1133018, 1043590, 1014948, 999779, 1051516]"
2017,"[1126899, 983584, 1070820, 1026118, 824005]"
2018,"[1106523, 880150, 1082185, 1028816, 1122358]"
2019,"[5569230, 859075, 1029743, 1110572, 899624]"
2020,"[986912, 933835, 995965, 1132771, 878996]"
2021,"[951590, 844179, 981760, 1044078, 1081177]"
2022,"[951590, 1029743, 1082185, 854852, 859075]"
2023,"[5569374, 8090509, 10344585, 8090513, 852856]"
2025,"[940947, 1029743, 6534480, 991223, 1051211]"
2026,"[916122, 923746, 944534, 1096036, 910032]"
2027,"[8090537, 819765, 1068719, 871756, 961554]"
2028,"[5568378, 5569230, 5569327, 8090509, 995242]"
2029,"[962229, 1081177, 1133018, 848071, 1028816]"
2030,"[5569471, 995242, 901062, 1056509, 1087102]"
2031,"[1068719, 1044078, 883932, 871756, 1106301]"
2032,"[1070820, 878996, 1038985, 865174, 893018]"
2033,"[879528, 1024306, 1112238, 9242918, 1043590]"
2034,"[1126899, 903325, 1096036, 916122, 1024306]"
2036,"[1126899, 1024306, 885290, 878996, 933835]"
2037,"[1029743, 1070820, 833025, 1068719, 840361]"
2038,"[923746, 844165, 859075, 840361, 1029743]"
2039,"[1051323, 8090537, 1085604, 1056509, 1082185]"
2040,"[1005186, 1029743, 5592931, 986912, 1085604]"
2041,"[923746, 863447, 961554, 1074333, 896613]"
2042,"[1126899, 923746, 6034857, 866211, 1062002]"
2043,"[1106301, 1053690, 847982, 821083, 1040807]"
2047,"[8090537, 824005, 1106523, 1126899, 1133018]"
2048,"[1106523, 944534, 8090537, 1075368, 878996]"
2049,"[976199, 1101173, 1056509, 893018, 854852]"
2050,"[951590, 1058997, 5569230, 1096036, 899624]"
2055,"[1133018, 944139, 819765, 997309, 1104343]"
2056,"[1106523, 962229, 8090521, 1106301, 1133018]"
2057,"[1070820, 913210, 1053690, 901062, 965766]"
2058,"[5569471, 903325, 961554, 1127831, 1022254]"
2059,"[1126899, 5569230, 896085, 1082212, 995965]"
2060,"[986912, 1110572, 1110843, 1091365, 1029743]"
2062,"[1026118, 1029743, 1106301, 1043590, 6533765]"
2063,"[986912, 1005186, 885290, 862349, 1022254]"
2064,"[1005186, 1028816, 916993, 1081177, 995242]"
2065,"[8090521, 1101173, 8090537, 844179, 874972]"
2068,"[1070820, 862349, 1127831, 1024306, 1056509]"
2070,"[1058997, 908531, 995242, 909894, 913210]"
2071,"[933835, 1044078, 1004906, 871756, 1081177]"
2072,"[1070820, 893501, 5592931, 897125, 862349]"
2075,"[870547, 899624, 1004906, 995242, 845208]"
2076,"[1058997, 981760, 854852, 995242, 1028816]"
2077,"[1106523, 903325, 971922, 845208, 987562]"
2079,"[1106523, 923746, 1028816, 1026118, 1106301]"
2080,"[8090521, 1106523, 845208, 981760, 962229]"
2081,"[1106523, 1043590, 1118533, 893018, 1044078]"
2082,"[909714, 961554, 1029743, 1117514, 916122]"
2083,"[1070820, 1005186, 933835, 844179, 862349]"
2084,"[862349, 6034857, 878996, 1024306, 1127831]"
2085,"[962229, 1029743, 1101010, 983584, 1110572]"
2086,"[986912, 5585510, 880150, 1037863, 903325]"
2087,"[854852, 916993, 8090521, 5569230, 923746]"
2088,"[1029743, 1106301, 893501, 5569327, 970030]"
2089,"[1126899, 9575582, 12524323, 999391, 1019443]"
2090,"[995242, 1039156, 1081189, 871611, 1139827]"
2091,"[995242, 933835, 1048462, 1043751, 1082185]"
2094,"[1082185, 1070820, 916993, 999858, 1057260]"
2095,"[1133018, 1068719, 6533765, 1005186, 951590]"
2099,"[1026118, 962229, 1029743, 1101010, 1005186]"
2100,"[1082185, 944534, 1106523, 1037863, 1044078]"
2101,"[983584, 1101010, 819978, 883003, 928049]"
2102,"[962229, 995242, 940947, 854852, 844179]"
2103,"[1057260, 962568, 961979, 930118, 1022254]"
2105,"[1106523, 1005186, 1133018, 893018, 965766]"
2108,"[1029743, 1106523, 1000753, 923746, 6533936]"
2109,"[981760, 893018, 1096036, 923746, 8065410]"
2110,"[1106523, 1026118, 1082185, 1029743, 6034857]"
2111,"[1126899, 1051323, 1127831, 8090532, 983584]"
2112,"[1126899, 1037863, 844179, 5585510, 1082185]"
2114,"[986912, 1005186, 878996, 933835, 1127831]"
2115,"[1070820, 5569471, 5569845, 933835, 961554]"
2116,"[1070820, 6034857, 916993, 1024306, 1082185]"
2119,"[870547, 965766, 1027168, 866211, 961554]"
2121,"[862349, 1057260, 995242, 5569230, 1081177]"
2122,"[1058997, 883932, 1082212, 1091365, 901062]"
2123,"[5569230, 995242, 832678, 1024306, 840361]"
2124,"[1126899, 1058997, 1106523, 1062002, 1082185]"
2125,"[1029743, 883003, 1051211, 976199, 878996]"
2126,"[8090532, 6034857, 909894, 1028816, 824005]"
2129,"[995242, 1029743, 5569471, 1081177, 1050851]"
2130,"[1106523, 903325, 899624, 872137, 1082185]"
2131,"[965766, 861445, 987562, 1022254, 986912]"
2132,"[1133018, 995242, 990797, 1127831, 930118]"
2133,"[1126899, 1058997, 1082185, 840361, 832678]"
2135,"[986912, 1028816, 6391381, 970030, 1040807]"
2136,"[901062, 1024306, 1058997, 878996, 951412]"
2137,"[909894, 860975, 5585510, 1043590, 995242]"
2138,"[862349, 844165, 1029743, 893501, 1053690]"
2139,"[995242, 1005186, 933835, 885290, 1040807]"
2141,"[1070820, 951590, 933835, 1082185, 5569327]"
2142,"[1029743, 913210, 5585510, 1082185, 5568729]"
2146,"[1053690, 1029743, 1039156, 991592, 925862]"
2147,"[1106523, 961554, 1096036, 987562, 840361]"
2148,"[951590, 1133018, 981760, 913210, 1106523]"
2149,"[1106523, 1082185, 849202, 923746, 940947]"
2151,"[1075470, 928049, 846823, 930118, 5592931]"
2153,"[5592931, 1092026, 13841744, 1044078, 944139]"
2154,"[1106523, 5569374, 1127831, 1105488, 878996]"
2155,"[1126808, 930118, 944534, 5585510, 1131438]"
2156,"[8090537, 1122358, 859075, 913210, 995242]"
2158,"[951412, 873203, 862349, 6533765, 970030]"
2159,"[1133018, 6533765, 8090537, 5592931, 1037863]"
2160,"[874972, 1070702, 916122, 930118, 951412]"
2161,"[1126899, 1053690, 944836, 951590, 880150]"
2162,"[995242, 1029743, 896085, 1096036, 908531]"
2163,"[862349, 5569471, 8090532, 9338009, 859987]"
2167,"[1106523, 1096036, 959985, 983584, 933835]"
2168,"[8090521, 1044078, 1096036, 987562, 844179]"
2169,"[1126899, 835243, 965267, 1133018, 5585510]"
2170,"[8090537, 5569230, 8090521, 1037840, 1096036]"
2171,"[951590, 1133018, 999104, 961554, 965766]"
2172,"[1029743, 849202, 1082185, 962568, 995965]"
2173,"[951590, 913210, 1062002, 1105488, 834117]"
2174,"[1075368, 1126899, 1010582, 8090532, 860975]"
2175,"[823990, 1119761, 916993, 896085, 971922]"
2176,"[833025, 5569327, 871756, 1106523, 856772]"
2179,"[962229, 1110843, 871611, 824005, 999858]"
2181,"[1126899, 933835, 1104343, 971922, 962568]"
2182,"[1005186, 835098, 885863, 946839, 1029743]"
2183,"[1082185, 916993, 981760, 983584, 1029743]"
2184,"[1106523, 8090521, 1005186, 983584, 1110843]"
2185,"[961554, 1068719, 874972, 866211, 863447]"
2186,"[8090521, 951590, 1106523, 1075368, 899624]"
2188,"[1106523, 1101010, 933835, 1082185, 1133018]"
2189,"[913210, 834117, 1062002, 1082185, 1039156]"
2190,"[962229, 1039156, 1133018, 5568378, 1026118]"
2193,"[1070820, 8090537, 862349, 1006184, 961554]"
2194,"[995242, 8090537, 1081177, 866211, 854852]"
2195,"[1126899, 1062002, 995965, 1055504, 951412]"
2196,"[995242, 999104, 901062, 5569374, 986912]"
2197,"[5569230, 1102959, 8090521, 1075470, 995876]"
2198,"[844179, 986912, 995242, 1056509, 1081177]"
2199,"[1126899, 962568, 1070820, 916993, 1006184]"
2200,"[916122, 1106523, 8090521, 844179, 1004906]"
2202,"[951412, 835098, 1077555, 944137, 1081177]"
2203,"[1029743, 981760, 951412, 913210, 838186]"
2204,"[5592931, 951590, 859075, 1043590, 6533765]"
2205,"[1050851, 1082185, 1029743, 845208, 1003188]"
2206,"[1029743, 902172, 873902, 951590, 844165]"
2207,"[986912, 1005186, 1110843, 1037863, 885290]"
2208,"[1106523, 5569230, 951590, 1005186, 940947]"
2209,"[1029743, 885290, 981760, 1039156, 961554]"
2211,"[1126899, 1082185, 1070820, 930118, 6533936]"
2212,"[937791, 1017838, 1010440, 7441419, 1126808]"
2213,"[933835, 995965, 854852, 1106523, 1070820]"
2214,"[8090532, 1082212, 990797, 910032, 840361]"
2215,"[1133018, 854852, 890695, 880150, 1018050]"
2217,"[923746, 1026118, 840361, 854852, 862349]"
2221,"[1126899, 1058997, 1082185, 1127831, 1050851]"
2222,"[5569230, 1101010, 995242, 1075368, 951590]"
2223,"[1110572, 1011300, 834103, 1133018, 5568378]"
2224,"[1070820, 862349, 847982, 1005186, 1110843]"
2225,"[916122, 866871, 908318, 970202, 1126899]"
2226,"[1082185, 1056509, 1126899, 1106523, 1133018]"
2228,"[1106523, 1037840, 5592931, 923746, 8090537]"
2229,"[862349, 1057260, 880427, 1082185, 981760]"
2231,"[1126899, 1082185, 970030, 909894, 1122358]"
2233,"[1058997, 1081177, 1028816, 951412, 971922]"
2234,"[1024306, 999104, 854852, 1133018, 878996]"
2235,"[976199, 878996, 5569845, 1039156, 937292]"
2237,"[1058997, 908531, 961554, 1116821, 916122]"
2238,"[1133018, 1056509, 856060, 896085, 1062002]"
2239,"[983584, 1029743, 896085, 8090537, 965766]"
2240,"[1106523, 5569230, 5568378, 910032, 983584]"
2241,"[923746, 1029743, 1029624, 840361, 878996]"
2243,"[971922, 839419, 899624, 873203, 880150]"
2244,"[5568378, 5569327, 1096036, 962229, 907631]"
2245,"[6533765, 1044078, 1081177, 1133018, 866211]"
2247,"[1110843, 1106523, 1044078, 1101173, 872137]"
2248,"[883932, 893018, 1077555, 859075, 827180]"
2250,"[1024306, 8090521, 908531, 983584, 859075]"
2252,"[995242, 1029743, 1048462, 1056509, 1096036]"
2253,"[1101173, 856772, 983584, 1108168, 897125]"
2257,"[1106523, 1133018, 1068719, 1104349, 925862]"
2258,"[1126899, 866211, 910032, 903325, 1051323]"
2259,"[1026118, 846823, 982493, 893651, 996156]"
2260,"[995242, 951590, 8090532, 1029743, 854852]"
2261,"[1106523, 1082185, 983584, 951590, 1122358]"
2262,"[1122358, 862349, 1019247, 1055504, 893018]"
2263,"[995242, 986912, 1005186, 1044078, 976199]"
2264,"[1126899, 916122, 1082185, 1024306, 961554]"
2266,"[862349, 1082185, 1024306, 1028816, 866211]"
2267,"[1126899, 913210, 824005, 840361, 916122]"
2269,"[951590, 1082185, 844179, 916122, 899624]"
2270,"[1005186, 1043590, 986912, 1096036, 1106301]"
2271,"[993638, 986912, 1024306, 1105488, 965766]"
2272,"[1040807, 1037863, 1082185, 1104343, 940947]"
2273,"[923746, 1082185, 878996, 880427, 987562]"
2274,"[933835, 1101010, 1028816, 951590, 983584]"
2275,"[1044078, 1053690, 916122, 995242, 987562]"
2276,"[908531, 909894, 999104, 983584, 1050851]"
2277,"[1096036, 1106523, 893018, 1075368, 1053690]"
2278,"[901062, 1058997, 922127, 951412, 970030]"
2279,"[1053690, 8090537, 12263788, 1133018, 1043590]"
2280,"[1070820, 5569230, 951590, 933835, 1101010]"
2281,"[1126899, 1082185, 6034857, 970030, 5569230]"
2282,"[1028816, 1070820, 903325, 6034857, 896085]"
2283,"[1106523, 5585510, 1105488, 870547, 6534077]"
2284,"[1070820, 5569471, 981760, 916122, 951412]"
2285,"[1058997, 824005, 857503, 909714, 961554]"
2287,"[971922, 1082212, 1024306, 1058997, 1029743]"
2288,"[861445, 986912, 1126899, 1044078, 965267]"
2289,"[1029743, 913210, 819978, 995242, 1004906]"
2290,"[844165, 906262, 1037840, 1029743, 827656]"
2291,"[986912, 1138189, 9677202, 1101173, 1134522]"
2292,"[1039156, 1029743, 1102959, 921744, 865456]"
2293,"[1070820, 1082185, 1127831, 878996, 1038985]"
2294,"[1106523, 1082185, 923746, 845208, 5592931]"
2295,"[859075, 1068719, 1106523, 976199, 983584]"
2296,"[1029743, 981760, 933835, 913210, 1004906]"
2297,"[857006, 12731544, 1106523, 1082185, 1009449]"
2298,"[871756, 910032, 1037863, 916122, 923746]"
2299,"[1081177, 878996, 6602697, 999104, 1026118]"
2300,"[1029743, 903325, 885290, 999104, 995242]"
2301,"[910032, 1029743, 1110572, 8090521, 983584]"
2302,"[8090532, 921744, 1048462, 1029743, 962568]"
2303,"[1029743, 1002771, 5569230, 908531, 1082185]"
2305,"[1082185, 1029743, 1024306, 878996, 983584]"
2307,"[995242, 1082185, 933835, 1006184, 883003]"
2308,"[1068292, 857006, 854852, 923746, 1029743]"
2312,"[1070820, 1005186, 903325, 916122, 6034857]"
2314,"[1126899, 951412, 854852, 916993, 985999]"
2315,"[819765, 988693, 830887, 916122, 1015280]"
2317,"[1082185, 1029743, 933835, 854852, 1127831]"
2319,"[937791, 1029743, 999858, 838186, 5569230]"
2322,"[1126899, 1082185, 1127831, 854852, 909714]"
2323,"[930118, 1053690, 990797, 1005186, 1022097]"
2324,"[1057260, 909714, 1029743, 934369, 961554]"
2325,"[1029743, 1082185, 1106523, 951590, 1127831]"
2328,"[1106523, 1127831, 866211, 951590, 908318]"
2330,"[916993, 1056509, 1070820, 1106523, 854852]"
2331,"[859075, 833025, 844179, 840361, 890695]"
2333,"[5585510, 983584, 985893, 923746, 866755]"
2334,"[1029743, 1005186, 951590, 5568378, 1075368]"
2335,"[12302069, 5592931, 1043590, 1110572, 860975]"
2336,"[833025, 1081177, 1029743, 5568378, 987724]"
2337,"[1106523, 1081177, 1044078, 1043590, 845208]"
2338,"[1106523, 901062, 981760, 1039156, 1026118]"
2339,"[5592931, 1101173, 5585510, 1102959, 986912]"
2340,"[859075, 1106523, 834117, 8090521, 824005]"
2341,"[1106523, 1044078, 5569471, 844165, 5568378]"
2342,"[901062, 995242, 1029743, 990797, 1117514]"
2343,"[916122, 1133018, 859075, 995242, 1092026]"
2344,"[8090537, 1133018, 5569230, 1056509, 990797]"
2345,"[1029743, 962229, 5569230, 1137346, 893018]"
2347,"[8090521, 1101173, 1029743, 5569471, 859075]"
2350,"[951590, 910032, 844179, 1054262, 949965]"
2351,"[995242, 845208, 987562, 916122, 909714]"
2352,"[1133018, 1006184, 909714, 1048462, 965766]"
2354,"[1126899, 6034857, 981760, 913210, 970030]"
2359,"[1106523, 1044078, 965766, 6533765, 879755]"
2360,"[1029743, 909714, 824005, 961554, 1044078]"
2361,"[1126899, 916122, 981760, 8090509, 902172]"
2363,"[944137, 1070820, 834117, 1102949, 6602697]"
2366,"[995242, 1044078, 1004906, 844179, 1006184]"
2368,"[1077555, 859075, 1056509, 847982, 1024306]"
2369,"[1029743, 1040807, 951590, 940766, 12263788]"
2370,"[1070820, 5569471, 981760, 916122, 987562]"
2372,"[987562, 961554, 995965, 995242, 893018]"
2373,"[1133018, 873203, 1128016, 859075, 1062966]"
2374,"[1070820, 1044078, 1041796, 1048462, 962568]"
2375,"[1133018, 899624, 923746, 5585510, 999104]"
2376,"[1005186, 1110843, 862349, 1091365, 12301109]"
2377,"[995242, 1096036, 893018, 5592931, 1004906]"
2378,"[854852, 1029743, 1024306, 828867, 1082185]"
2379,"[1058997, 1005186, 916122, 854405, 1002558]"
2380,"[1122358, 1029743, 878996, 948670, 1127831]"
2381,"[1133018, 916122, 844179, 890695, 885290]"
2385,"[1005186, 1068719, 1133018, 986912, 6533765]"
2386,"[1050851, 921744, 1081177, 1009187, 1079987]"
2387,"[940947, 885290, 896085, 832678, 1117514]"
2388,"[1096036, 1085604, 982469, 1106523, 1056509]"
2389,"[1081177, 5592931, 1029743, 5568378, 1044078]"
2392,"[965766, 1068719, 1133018, 840361, 5568378]"
2393,"[1057260, 1028816, 944836, 951412, 903325]"
2395,"[5569230, 923746, 8090537, 993638, 1044078]"
2397,"[1133018, 883932, 12263788, 1105488, 1135834]"
2399,"[993638, 1043590, 835098, 1106523, 838186]"
2400,"[6533765, 1005186, 916122, 1106523, 859075]"
2401,"[845208, 5585510, 1106523, 1133018, 878996]"
2404,"[1110572, 1126899, 1037332, 961554, 8090513]"
2405,"[5568378, 995242, 6602697, 6533765, 824005]"
2406,"[1126899, 1082185, 878996, 896085, 987562]"
2407,"[1039156, 5569374, 845208, 901062, 893018]"
2408,"[908318, 962229, 1029743, 1056509, 1138443]"
2410,"[1037840, 1053690, 5569230, 1106523, 5569471]"
2412,"[1106523, 1044078, 844165, 1068719, 951590]"
2416,"[1058997, 1126899, 1098844, 874972, 896613]"
2418,"[951590, 1029743, 1005186, 1044078, 8090537]"
2420,"[951590, 1043590, 1004906, 1068719, 1106523]"
2421,"[1126899, 5569471, 903325, 1024306, 1127831]"
2424,"[916993, 6034857, 962229, 834117, 940947]"
2425,"[1028816, 1029743, 987562, 999104, 854852]"
2426,"[844165, 1044078, 844179, 1029743, 995242]"
2427,"[986912, 1058997, 908318, 981760, 854852]"
2429,"[899624, 835243, 5585510, 1042942, 1096036]"
2431,"[993638, 5592931, 944139, 991592, 845208]"
2434,"[923746, 1096036, 5592931, 1131344, 1037863]"
2435,"[899624, 5569327, 983584, 913210, 878996]"
2437,"[1070820, 901062, 885290, 866211, 909714]"
2438,"[1058997, 951412, 919766, 1107553, 892531]"
2439,"[1037863, 983584, 1126899, 899624, 923746]"
2440,"[1043590, 1133018, 1092937, 6533765, 1106523]"
2441,"[1024306, 908531, 995965, 1029743, 995242]"
2442,"[1126899, 5569230, 1058997, 5592931, 940947]"
2445,"[1110572, 893018, 1096036, 1029743, 962229]"
2446,"[962229, 962568, 1126899, 990797, 936594]"
2447,"[1058997, 1127831, 1117514, 901062, 1082185]"
2448,"[1106523, 951590, 993638, 1006184, 1043590]"
2449,"[1106523, 1058997, 1082185, 1126899, 5569471]"
2450,"[1070820, 824005, 844165, 1127831, 1024306]"
2451,"[1058997, 1126899, 1024306, 903325, 1022254]"
2452,"[1106523, 1037863, 1005186, 1081177, 844165]"
2453,"[1026118, 1070820, 1005186, 1053690, 1110843]"
2455,"[5569471, 1029743, 965766, 1137775, 844179]"
2456,"[1058997, 1126899, 898212, 1043590, 951412]"
2457,"[1133018, 901062, 1106523, 1137775, 854852]"
2458,"[1058997, 901062, 970030, 8090509, 1127831]"
2459,"[1029743, 995242, 6533765, 1070820, 854852]"
2460,"[5569230, 5569471, 1101173, 1091365, 5568378]"
2461,"[916993, 1022254, 857503, 854405, 1058997]"
2462,"[901062, 961554, 6034857, 995242, 903325]"
2464,"[1070820, 862349, 951412, 1082212, 1051211]"
2465,"[986912, 856252, 1052912, 1037863, 10344585]"
2466,"[1101173, 923746, 1041796, 1059902, 1068719]"
2467,"[1126899, 1127831, 1096036, 828867, 1069621]"
2471,"[1062002, 873654, 923746, 995478, 1058997]"
2472,"[970030, 1081177, 930118, 1122358, 981760]"
2475,"[1070820, 5569471, 971922, 1039156, 921744]"
2477,"[1058997, 1000753, 1102959, 987724, 1126899]"
2478,"[1005186, 1133018, 965766, 1137775, 979707]"
2479,"[1106523, 951590, 981760, 1127831, 916122]"
2481,"[1029743, 1056509, 1132771, 833025, 865456]"
2482,"[1106523, 8090521, 983584, 923746, 8090537]"
2483,"[995242, 1082185, 862349, 1070820, 961554]"
2484,"[923746, 899624, 1029743, 845208, 1106301]"
2485,"[5569471, 995242, 893501, 907631, 1096036]"
2486,"[8090521, 1043590, 5569230, 1029743, 916122]"
2488,"[916122, 5569374, 1058997, 933835, 834117]"
2489,"[1082185, 1029743, 961554, 5592931, 1068719]"
2492,"[1106523, 6533765, 933835, 5569230, 1003188]"
2494,"[1101173, 840361, 903325, 878996, 1070820]"
2496,"[916122, 5569230, 1056509, 1106523, 981760]"
2498,"[1070820, 1126899, 1053690, 961554, 1005186]"
2499,"[1070820, 5568378, 5569327, 5592931, 899624]"
2500,"[1058997, 1082185, 908318, 854405, 1056509]"
